/*
Navicat MySQL Data Transfer

Source Server         : 121.199.20.213
Source Server Version : 50169
Source Host           : 121.199.20.213:3306
Source Database       : meeting

Target Server Type    : MYSQL
Target Server Version : 50169
File Encoding         : 65001

Date: 2019-04-22 20:44:21
*/

SET FOREIGN_KEY_CHECKS=0;

-- ----------------------------
-- Table structure for alipay_config
-- ----------------------------
DROP TABLE IF EXISTS `alipay_config`;
CREATE TABLE `alipay_config` (
  `id` bigint(20) NOT NULL AUTO_INCREMENT,
  `app_id` varchar(30) DEFAULT NULL,
  `charset` varchar(20) DEFAULT NULL,
  `format` varchar(20) DEFAULT NULL COMMENT '固定格式json',
  `gateway_url` varchar(100) DEFAULT NULL,
  `notify_url` varchar(100) DEFAULT NULL,
  `private_key` text,
  `public_key` text,
  `return_url` varchar(100) DEFAULT NULL,
  `sign_type` varchar(50) DEFAULT NULL,
  `sys_service_provider_id` varchar(50) DEFAULT NULL,
  PRIMARY KEY (`id`)
) ENGINE=InnoDB DEFAULT CHARSET=utf8;

-- ----------------------------
-- Records of alipay_config
-- ----------------------------

-- ----------------------------
-- Table structure for area_code
-- ----------------------------
DROP TABLE IF EXISTS `area_code`;
CREATE TABLE `area_code` (
  `id` varchar(12) NOT NULL,
  `code` varchar(9) NOT NULL,
  `name` varchar(50) NOT NULL,
  PRIMARY KEY (`id`)
) ENGINE=InnoDB DEFAULT CHARSET=utf8;

-- ----------------------------
-- Records of area_code
-- ----------------------------
INSERT INTO `area_code` VALUES ('110000000000', '11', '北京市');
INSERT INTO `area_code` VALUES ('110100000000', '1101', '市辖区');
INSERT INTO `area_code` VALUES ('110101000000', '110101', '东城区');
INSERT INTO `area_code` VALUES ('110102000000', '110102', '西城区');
INSERT INTO `area_code` VALUES ('110103000000', '110103', '崇文区');
INSERT INTO `area_code` VALUES ('110104000000', '110104', '宣武区');
INSERT INTO `area_code` VALUES ('110105000000', '110105', '朝阳区');
INSERT INTO `area_code` VALUES ('110106000000', '110106', '丰台区');
INSERT INTO `area_code` VALUES ('110107000000', '110107', '石景山区');
INSERT INTO `area_code` VALUES ('110108000000', '110108', '海淀区');
INSERT INTO `area_code` VALUES ('110109000000', '110109', '门头沟区');
INSERT INTO `area_code` VALUES ('110111000000', '110111', '房山区');
INSERT INTO `area_code` VALUES ('110112000000', '110112', '通州区');
INSERT INTO `area_code` VALUES ('110113000000', '110113', '顺义区');
INSERT INTO `area_code` VALUES ('110114000000', '110114', '昌平区');
INSERT INTO `area_code` VALUES ('110115000000', '110115', '大兴区');
INSERT INTO `area_code` VALUES ('110116000000', '110116', '怀柔区');
INSERT INTO `area_code` VALUES ('110117000000', '110117', '平谷区');
INSERT INTO `area_code` VALUES ('110200000000', '1102', '县');
INSERT INTO `area_code` VALUES ('110228000000', '110228', '密云县');
INSERT INTO `area_code` VALUES ('110229000000', '110229', '延庆县');
INSERT INTO `area_code` VALUES ('120000000000', '12', '天津市');
INSERT INTO `area_code` VALUES ('120100000000', '1201', '市辖区');
INSERT INTO `area_code` VALUES ('120101000000', '120101', '和平区');
INSERT INTO `area_code` VALUES ('120102000000', '120102', '河东区');
INSERT INTO `area_code` VALUES ('120103000000', '120103', '河西区');
INSERT INTO `area_code` VALUES ('120104000000', '120104', '南开区');
INSERT INTO `area_code` VALUES ('120105000000', '120105', '河北区');
INSERT INTO `area_code` VALUES ('120106000000', '120106', '红桥区');
INSERT INTO `area_code` VALUES ('120107000000', '120107', '塘沽区');
INSERT INTO `area_code` VALUES ('120108000000', '120108', '汉沽区');
INSERT INTO `area_code` VALUES ('120109000000', '120109', '大港区');
INSERT INTO `area_code` VALUES ('120110000000', '120110', '东丽区');
INSERT INTO `area_code` VALUES ('120111000000', '120111', '西青区');
INSERT INTO `area_code` VALUES ('120112000000', '120112', '津南区');
INSERT INTO `area_code` VALUES ('120113000000', '120113', '北辰区');
INSERT INTO `area_code` VALUES ('120114000000', '120114', '武清区');
INSERT INTO `area_code` VALUES ('120115000000', '120115', '宝坻区');
INSERT INTO `area_code` VALUES ('120200000000', '1202', '县');
INSERT INTO `area_code` VALUES ('120221000000', '120221', '宁河县');
INSERT INTO `area_code` VALUES ('120223000000', '120223', '静海县');
INSERT INTO `area_code` VALUES ('120225000000', '120225', '蓟县');
INSERT INTO `area_code` VALUES ('130000000000', '13', '河北省');
INSERT INTO `area_code` VALUES ('130100000000', '1301', '石家庄市');
INSERT INTO `area_code` VALUES ('130101000000', '130101', '市辖区');
INSERT INTO `area_code` VALUES ('130102000000', '130102', '长安区');
INSERT INTO `area_code` VALUES ('130103000000', '130103', '桥东区');
INSERT INTO `area_code` VALUES ('130104000000', '130104', '桥西区');
INSERT INTO `area_code` VALUES ('130105000000', '130105', '新华区');
INSERT INTO `area_code` VALUES ('130107000000', '130107', '井陉矿区');
INSERT INTO `area_code` VALUES ('130108000000', '130108', '裕华区');
INSERT INTO `area_code` VALUES ('130121000000', '130121', '井陉县');
INSERT INTO `area_code` VALUES ('130123000000', '130123', '正定县');
INSERT INTO `area_code` VALUES ('130124000000', '130124', '栾城县');
INSERT INTO `area_code` VALUES ('130125000000', '130125', '行唐县');
INSERT INTO `area_code` VALUES ('130126000000', '130126', '灵寿县');
INSERT INTO `area_code` VALUES ('130127000000', '130127', '高邑县');
INSERT INTO `area_code` VALUES ('130128000000', '130128', '深泽县');
INSERT INTO `area_code` VALUES ('130129000000', '130129', '赞皇县');
INSERT INTO `area_code` VALUES ('130130000000', '130130', '无极县');
INSERT INTO `area_code` VALUES ('130131000000', '130131', '平山县');
INSERT INTO `area_code` VALUES ('130132000000', '130132', '元氏县');
INSERT INTO `area_code` VALUES ('130133000000', '130133', '赵县');
INSERT INTO `area_code` VALUES ('130181000000', '130181', '辛集市');
INSERT INTO `area_code` VALUES ('130182000000', '130182', '藁城市');
INSERT INTO `area_code` VALUES ('130183000000', '130183', '晋州市');
INSERT INTO `area_code` VALUES ('130184000000', '130184', '新乐市');
INSERT INTO `area_code` VALUES ('130185000000', '130185', '鹿泉市');
INSERT INTO `area_code` VALUES ('130200000000', '1302', '唐山市');
INSERT INTO `area_code` VALUES ('130201000000', '130201', '市辖区');
INSERT INTO `area_code` VALUES ('130202000000', '130202', '路南区');
INSERT INTO `area_code` VALUES ('130203000000', '130203', '路北区');
INSERT INTO `area_code` VALUES ('130204000000', '130204', '古冶区');
INSERT INTO `area_code` VALUES ('130205000000', '130205', '开平区');
INSERT INTO `area_code` VALUES ('130207000000', '130207', '丰南区');
INSERT INTO `area_code` VALUES ('130208000000', '130208', '丰润区');
INSERT INTO `area_code` VALUES ('130223000000', '130223', '滦县');
INSERT INTO `area_code` VALUES ('130224000000', '130224', '滦南县');
INSERT INTO `area_code` VALUES ('130225000000', '130225', '乐亭县');
INSERT INTO `area_code` VALUES ('130227000000', '130227', '迁西县');
INSERT INTO `area_code` VALUES ('130229000000', '130229', '玉田县');
INSERT INTO `area_code` VALUES ('130230000000', '130230', '唐海县');
INSERT INTO `area_code` VALUES ('130281000000', '130281', '遵化市');
INSERT INTO `area_code` VALUES ('130283000000', '130283', '迁安市');
INSERT INTO `area_code` VALUES ('130300000000', '1303', '秦皇岛市');
INSERT INTO `area_code` VALUES ('130301000000', '130301', '市辖区');
INSERT INTO `area_code` VALUES ('130302000000', '130302', '海港区');
INSERT INTO `area_code` VALUES ('130303000000', '130303', '山海关区');
INSERT INTO `area_code` VALUES ('130304000000', '130304', '北戴河区');
INSERT INTO `area_code` VALUES ('130321000000', '130321', '青龙满族自治县');
INSERT INTO `area_code` VALUES ('130322000000', '130322', '昌黎县');
INSERT INTO `area_code` VALUES ('130323000000', '130323', '抚宁县');
INSERT INTO `area_code` VALUES ('130324000000', '130324', '卢龙县');
INSERT INTO `area_code` VALUES ('130400000000', '1304', '邯郸市');
INSERT INTO `area_code` VALUES ('130401000000', '130401', '市辖区');
INSERT INTO `area_code` VALUES ('130402000000', '130402', '邯山区');
INSERT INTO `area_code` VALUES ('130403000000', '130403', '丛台区');
INSERT INTO `area_code` VALUES ('130404000000', '130404', '复兴区');
INSERT INTO `area_code` VALUES ('130406000000', '130406', '峰峰矿区');
INSERT INTO `area_code` VALUES ('130421000000', '130421', '邯郸县');
INSERT INTO `area_code` VALUES ('130423000000', '130423', '临漳县');
INSERT INTO `area_code` VALUES ('130424000000', '130424', '成安县');
INSERT INTO `area_code` VALUES ('130425000000', '130425', '大名县');
INSERT INTO `area_code` VALUES ('130426000000', '130426', '涉县');
INSERT INTO `area_code` VALUES ('130427000000', '130427', '磁县');
INSERT INTO `area_code` VALUES ('130428000000', '130428', '肥乡县');
INSERT INTO `area_code` VALUES ('130429000000', '130429', '永年县');
INSERT INTO `area_code` VALUES ('130430000000', '130430', '邱县');
INSERT INTO `area_code` VALUES ('130431000000', '130431', '鸡泽县');
INSERT INTO `area_code` VALUES ('130432000000', '130432', '广平县');
INSERT INTO `area_code` VALUES ('130433000000', '130433', '馆陶县');
INSERT INTO `area_code` VALUES ('130434000000', '130434', '魏县');
INSERT INTO `area_code` VALUES ('130435000000', '130435', '曲周县');
INSERT INTO `area_code` VALUES ('130481000000', '130481', '武安市');
INSERT INTO `area_code` VALUES ('130500000000', '1305', '邢台市');
INSERT INTO `area_code` VALUES ('130501000000', '130501', '市辖区');
INSERT INTO `area_code` VALUES ('130502000000', '130502', '桥东区');
INSERT INTO `area_code` VALUES ('130503000000', '130503', '桥西区');
INSERT INTO `area_code` VALUES ('130521000000', '130521', '邢台县');
INSERT INTO `area_code` VALUES ('130522000000', '130522', '临城县');
INSERT INTO `area_code` VALUES ('130523000000', '130523', '内丘县');
INSERT INTO `area_code` VALUES ('130524000000', '130524', '柏乡县');
INSERT INTO `area_code` VALUES ('130525000000', '130525', '隆尧县');
INSERT INTO `area_code` VALUES ('130526000000', '130526', '任县');
INSERT INTO `area_code` VALUES ('130527000000', '130527', '南和县');
INSERT INTO `area_code` VALUES ('130528000000', '130528', '宁晋县');
INSERT INTO `area_code` VALUES ('130529000000', '130529', '巨鹿县');
INSERT INTO `area_code` VALUES ('130530000000', '130530', '新河县');
INSERT INTO `area_code` VALUES ('130531000000', '130531', '广宗县');
INSERT INTO `area_code` VALUES ('130532000000', '130532', '平乡县');
INSERT INTO `area_code` VALUES ('130533000000', '130533', '威县');
INSERT INTO `area_code` VALUES ('130534000000', '130534', '清河县');
INSERT INTO `area_code` VALUES ('130535000000', '130535', '临西县');
INSERT INTO `area_code` VALUES ('130581000000', '130581', '南宫市');
INSERT INTO `area_code` VALUES ('130582000000', '130582', '沙河市');
INSERT INTO `area_code` VALUES ('130600000000', '1306', '保定市');
INSERT INTO `area_code` VALUES ('130601000000', '130601', '市辖区');
INSERT INTO `area_code` VALUES ('130602000000', '130602', '新市区');
INSERT INTO `area_code` VALUES ('130603000000', '130603', '北市区');
INSERT INTO `area_code` VALUES ('130604000000', '130604', '南市区');
INSERT INTO `area_code` VALUES ('130621000000', '130621', '满城县');
INSERT INTO `area_code` VALUES ('130622000000', '130622', '清苑县');
INSERT INTO `area_code` VALUES ('130623000000', '130623', '涞水县');
INSERT INTO `area_code` VALUES ('130624000000', '130624', '阜平县');
INSERT INTO `area_code` VALUES ('130625000000', '130625', '徐水县');
INSERT INTO `area_code` VALUES ('130626000000', '130626', '定兴县');
INSERT INTO `area_code` VALUES ('130627000000', '130627', '唐县');
INSERT INTO `area_code` VALUES ('130628000000', '130628', '高阳县');
INSERT INTO `area_code` VALUES ('130629000000', '130629', '容城县');
INSERT INTO `area_code` VALUES ('130630000000', '130630', '涞源县');
INSERT INTO `area_code` VALUES ('130631000000', '130631', '望都县');
INSERT INTO `area_code` VALUES ('130632000000', '130632', '安新县');
INSERT INTO `area_code` VALUES ('130633000000', '130633', '易县');
INSERT INTO `area_code` VALUES ('130634000000', '130634', '曲阳县');
INSERT INTO `area_code` VALUES ('130635000000', '130635', '蠡县');
INSERT INTO `area_code` VALUES ('130636000000', '130636', '顺平县');
INSERT INTO `area_code` VALUES ('130637000000', '130637', '博野县');
INSERT INTO `area_code` VALUES ('130638000000', '130638', '雄县');
INSERT INTO `area_code` VALUES ('130681000000', '130681', '涿州市');
INSERT INTO `area_code` VALUES ('130682000000', '130682', '定州市');
INSERT INTO `area_code` VALUES ('130683000000', '130683', '安国市');
INSERT INTO `area_code` VALUES ('130684000000', '130684', '高碑店市');
INSERT INTO `area_code` VALUES ('130700000000', '1307', '张家口市');
INSERT INTO `area_code` VALUES ('130701000000', '130701', '市辖区');
INSERT INTO `area_code` VALUES ('130702000000', '130702', '桥东区');
INSERT INTO `area_code` VALUES ('130703000000', '130703', '桥西区');
INSERT INTO `area_code` VALUES ('130705000000', '130705', '宣化区');
INSERT INTO `area_code` VALUES ('130706000000', '130706', '下花园区');
INSERT INTO `area_code` VALUES ('130721000000', '130721', '宣化县');
INSERT INTO `area_code` VALUES ('130722000000', '130722', '张北县');
INSERT INTO `area_code` VALUES ('130723000000', '130723', '康保县');
INSERT INTO `area_code` VALUES ('130724000000', '130724', '沽源县');
INSERT INTO `area_code` VALUES ('130725000000', '130725', '尚义县');
INSERT INTO `area_code` VALUES ('130726000000', '130726', '蔚县');
INSERT INTO `area_code` VALUES ('130727000000', '130727', '阳原县');
INSERT INTO `area_code` VALUES ('130728000000', '130728', '怀安县');
INSERT INTO `area_code` VALUES ('130729000000', '130729', '万全县');
INSERT INTO `area_code` VALUES ('130730000000', '130730', '怀来县');
INSERT INTO `area_code` VALUES ('130731000000', '130731', '涿鹿县');
INSERT INTO `area_code` VALUES ('130732000000', '130732', '赤城县');
INSERT INTO `area_code` VALUES ('130733000000', '130733', '崇礼县');
INSERT INTO `area_code` VALUES ('130800000000', '1308', '承德市');
INSERT INTO `area_code` VALUES ('130801000000', '130801', '市辖区');
INSERT INTO `area_code` VALUES ('130802000000', '130802', '双桥区');
INSERT INTO `area_code` VALUES ('130803000000', '130803', '双滦区');
INSERT INTO `area_code` VALUES ('130804000000', '130804', '鹰手营子矿区');
INSERT INTO `area_code` VALUES ('130821000000', '130821', '承德县');
INSERT INTO `area_code` VALUES ('130822000000', '130822', '兴隆县');
INSERT INTO `area_code` VALUES ('130823000000', '130823', '平泉县');
INSERT INTO `area_code` VALUES ('130824000000', '130824', '滦平县');
INSERT INTO `area_code` VALUES ('130825000000', '130825', '隆化县');
INSERT INTO `area_code` VALUES ('130826000000', '130826', '丰宁满族自治县');
INSERT INTO `area_code` VALUES ('130827000000', '130827', '宽城满族自治县');
INSERT INTO `area_code` VALUES ('130828000000', '130828', '围场满族蒙古族自治县');
INSERT INTO `area_code` VALUES ('130900000000', '1309', '沧州市');
INSERT INTO `area_code` VALUES ('130901000000', '130901', '市辖区');
INSERT INTO `area_code` VALUES ('130902000000', '130902', '新华区');
INSERT INTO `area_code` VALUES ('130903000000', '130903', '运河区');
INSERT INTO `area_code` VALUES ('130921000000', '130921', '沧县');
INSERT INTO `area_code` VALUES ('130922000000', '130922', '青县');
INSERT INTO `area_code` VALUES ('130923000000', '130923', '东光县');
INSERT INTO `area_code` VALUES ('130924000000', '130924', '海兴县');
INSERT INTO `area_code` VALUES ('130925000000', '130925', '盐山县');
INSERT INTO `area_code` VALUES ('130926000000', '130926', '肃宁县');
INSERT INTO `area_code` VALUES ('130927000000', '130927', '南皮县');
INSERT INTO `area_code` VALUES ('130928000000', '130928', '吴桥县');
INSERT INTO `area_code` VALUES ('130929000000', '130929', '献县');
INSERT INTO `area_code` VALUES ('130930000000', '130930', '孟村回族自治县');
INSERT INTO `area_code` VALUES ('130981000000', '130981', '泊头市');
INSERT INTO `area_code` VALUES ('130982000000', '130982', '任丘市');
INSERT INTO `area_code` VALUES ('130983000000', '130983', '黄骅市');
INSERT INTO `area_code` VALUES ('130984000000', '130984', '河间市');
INSERT INTO `area_code` VALUES ('131000000000', '1310', '廊坊市');
INSERT INTO `area_code` VALUES ('131001000000', '131001', '市辖区');
INSERT INTO `area_code` VALUES ('131002000000', '131002', '安次区');
INSERT INTO `area_code` VALUES ('131003000000', '131003', '广阳区');
INSERT INTO `area_code` VALUES ('131022000000', '131022', '固安县');
INSERT INTO `area_code` VALUES ('131023000000', '131023', '永清县');
INSERT INTO `area_code` VALUES ('131024000000', '131024', '香河县');
INSERT INTO `area_code` VALUES ('131025000000', '131025', '大城县');
INSERT INTO `area_code` VALUES ('131026000000', '131026', '文安县');
INSERT INTO `area_code` VALUES ('131028000000', '131028', '大厂回族自治县');
INSERT INTO `area_code` VALUES ('131081000000', '131081', '霸州市');
INSERT INTO `area_code` VALUES ('131082000000', '131082', '三河市');
INSERT INTO `area_code` VALUES ('131100000000', '1311', '衡水市');
INSERT INTO `area_code` VALUES ('131101000000', '131101', '市辖区');
INSERT INTO `area_code` VALUES ('131102000000', '131102', '桃城区');
INSERT INTO `area_code` VALUES ('131121000000', '131121', '枣强县');
INSERT INTO `area_code` VALUES ('131122000000', '131122', '武邑县');
INSERT INTO `area_code` VALUES ('131123000000', '131123', '武强县');
INSERT INTO `area_code` VALUES ('131124000000', '131124', '饶阳县');
INSERT INTO `area_code` VALUES ('131125000000', '131125', '安平县');
INSERT INTO `area_code` VALUES ('131126000000', '131126', '故城县');
INSERT INTO `area_code` VALUES ('131127000000', '131127', '景县');
INSERT INTO `area_code` VALUES ('131128000000', '131128', '阜城县');
INSERT INTO `area_code` VALUES ('131181000000', '131181', '冀州市');
INSERT INTO `area_code` VALUES ('131182000000', '131182', '深州市');
INSERT INTO `area_code` VALUES ('140000000000', '14', '山西省');
INSERT INTO `area_code` VALUES ('140100000000', '1401', '太原市');
INSERT INTO `area_code` VALUES ('140101000000', '140101', '市辖区');
INSERT INTO `area_code` VALUES ('140105000000', '140105', '小店区');
INSERT INTO `area_code` VALUES ('140106000000', '140106', '迎泽区');
INSERT INTO `area_code` VALUES ('140107000000', '140107', '杏花岭区');
INSERT INTO `area_code` VALUES ('140108000000', '140108', '尖草坪区');
INSERT INTO `area_code` VALUES ('140109000000', '140109', '万柏林区');
INSERT INTO `area_code` VALUES ('140110000000', '140110', '晋源区');
INSERT INTO `area_code` VALUES ('140121000000', '140121', '清徐县');
INSERT INTO `area_code` VALUES ('140122000000', '140122', '阳曲县');
INSERT INTO `area_code` VALUES ('140123000000', '140123', '娄烦县');
INSERT INTO `area_code` VALUES ('140181000000', '140181', '古交市');
INSERT INTO `area_code` VALUES ('140200000000', '1402', '大同市');
INSERT INTO `area_code` VALUES ('140201000000', '140201', '市辖区');
INSERT INTO `area_code` VALUES ('140202000000', '140202', '城区');
INSERT INTO `area_code` VALUES ('140203000000', '140203', '矿区');
INSERT INTO `area_code` VALUES ('140211000000', '140211', '南郊区');
INSERT INTO `area_code` VALUES ('140212000000', '140212', '新荣区');
INSERT INTO `area_code` VALUES ('140221000000', '140221', '阳高县');
INSERT INTO `area_code` VALUES ('140222000000', '140222', '天镇县');
INSERT INTO `area_code` VALUES ('140223000000', '140223', '广灵县');
INSERT INTO `area_code` VALUES ('140224000000', '140224', '灵丘县');
INSERT INTO `area_code` VALUES ('140225000000', '140225', '浑源县');
INSERT INTO `area_code` VALUES ('140226000000', '140226', '左云县');
INSERT INTO `area_code` VALUES ('140227000000', '140227', '大同县');
INSERT INTO `area_code` VALUES ('140300000000', '1403', '阳泉市');
INSERT INTO `area_code` VALUES ('140301000000', '140301', '市辖区');
INSERT INTO `area_code` VALUES ('140302000000', '140302', '城区');
INSERT INTO `area_code` VALUES ('140303000000', '140303', '矿区');
INSERT INTO `area_code` VALUES ('140311000000', '140311', '郊区');
INSERT INTO `area_code` VALUES ('140321000000', '140321', '平定县');
INSERT INTO `area_code` VALUES ('140322000000', '140322', '盂县');
INSERT INTO `area_code` VALUES ('140400000000', '1404', '长治市');
INSERT INTO `area_code` VALUES ('140401000000', '140401', '市辖区');
INSERT INTO `area_code` VALUES ('140402000000', '140402', '城区');
INSERT INTO `area_code` VALUES ('140411000000', '140411', '郊区');
INSERT INTO `area_code` VALUES ('140421000000', '140421', '长治县');
INSERT INTO `area_code` VALUES ('140423000000', '140423', '襄垣县');
INSERT INTO `area_code` VALUES ('140424000000', '140424', '屯留县');
INSERT INTO `area_code` VALUES ('140425000000', '140425', '平顺县');
INSERT INTO `area_code` VALUES ('140426000000', '140426', '黎城县');
INSERT INTO `area_code` VALUES ('140427000000', '140427', '壶关县');
INSERT INTO `area_code` VALUES ('140428000000', '140428', '长子县');
INSERT INTO `area_code` VALUES ('140429000000', '140429', '武乡县');
INSERT INTO `area_code` VALUES ('140430000000', '140430', '沁县');
INSERT INTO `area_code` VALUES ('140431000000', '140431', '沁源县');
INSERT INTO `area_code` VALUES ('140481000000', '140481', '潞城市');
INSERT INTO `area_code` VALUES ('140500000000', '1405', '晋城市');
INSERT INTO `area_code` VALUES ('140501000000', '140501', '晋城市市辖区');
INSERT INTO `area_code` VALUES ('140502000000', '140502', '城区');
INSERT INTO `area_code` VALUES ('140521000000', '140521', '沁水县');
INSERT INTO `area_code` VALUES ('140522000000', '140522', '阳城县');
INSERT INTO `area_code` VALUES ('140524000000', '140524', '陵川县');
INSERT INTO `area_code` VALUES ('140525000000', '140525', '泽州县');
INSERT INTO `area_code` VALUES ('140581000000', '140581', '高平市');
INSERT INTO `area_code` VALUES ('140600000000', '1406', '朔州市');
INSERT INTO `area_code` VALUES ('140601000000', '140601', '市辖区');
INSERT INTO `area_code` VALUES ('140602000000', '140602', '朔城区');
INSERT INTO `area_code` VALUES ('140603000000', '140603', '平鲁区');
INSERT INTO `area_code` VALUES ('140621000000', '140621', '山阴县');
INSERT INTO `area_code` VALUES ('140622000000', '140622', '应县');
INSERT INTO `area_code` VALUES ('140623000000', '140623', '右玉县');
INSERT INTO `area_code` VALUES ('140624000000', '140624', '怀仁县');
INSERT INTO `area_code` VALUES ('140700000000', '1407', '晋中市');
INSERT INTO `area_code` VALUES ('140701000000', '140701', '市辖区');
INSERT INTO `area_code` VALUES ('140702000000', '140702', '榆次区');
INSERT INTO `area_code` VALUES ('140721000000', '140721', '榆社县');
INSERT INTO `area_code` VALUES ('140722000000', '140722', '左权县');
INSERT INTO `area_code` VALUES ('140723000000', '140723', '和顺县');
INSERT INTO `area_code` VALUES ('140724000000', '140724', '昔阳县');
INSERT INTO `area_code` VALUES ('140725000000', '140725', '寿阳县');
INSERT INTO `area_code` VALUES ('140726000000', '140726', '太谷县');
INSERT INTO `area_code` VALUES ('140727000000', '140727', '祁县');
INSERT INTO `area_code` VALUES ('140728000000', '140728', '平遥县');
INSERT INTO `area_code` VALUES ('140729000000', '140729', '灵石县');
INSERT INTO `area_code` VALUES ('140781000000', '140781', '介休市');
INSERT INTO `area_code` VALUES ('140800000000', '1408', '运城市');
INSERT INTO `area_code` VALUES ('140801000000', '140801', '市辖区');
INSERT INTO `area_code` VALUES ('140802000000', '140802', '盐湖区');
INSERT INTO `area_code` VALUES ('140821000000', '140821', '临猗县');
INSERT INTO `area_code` VALUES ('140822000000', '140822', '万荣县');
INSERT INTO `area_code` VALUES ('140823000000', '140823', '闻喜县');
INSERT INTO `area_code` VALUES ('140824000000', '140824', '稷山县');
INSERT INTO `area_code` VALUES ('140825000000', '140825', '新绛县');
INSERT INTO `area_code` VALUES ('140826000000', '140826', '绛县');
INSERT INTO `area_code` VALUES ('140827000000', '140827', '垣曲县');
INSERT INTO `area_code` VALUES ('140828000000', '140828', '夏县');
INSERT INTO `area_code` VALUES ('140829000000', '140829', '平陆县');
INSERT INTO `area_code` VALUES ('140830000000', '140830', '芮城县');
INSERT INTO `area_code` VALUES ('140881000000', '140881', '永济市');
INSERT INTO `area_code` VALUES ('140882000000', '140882', '河津市');
INSERT INTO `area_code` VALUES ('140900000000', '1409', '忻州市');
INSERT INTO `area_code` VALUES ('140901000000', '140901', '市辖区');
INSERT INTO `area_code` VALUES ('140902000000', '140902', '忻府区');
INSERT INTO `area_code` VALUES ('140921000000', '140921', '定襄县');
INSERT INTO `area_code` VALUES ('140922000000', '140922', '五台县');
INSERT INTO `area_code` VALUES ('140923000000', '140923', '代县');
INSERT INTO `area_code` VALUES ('140924000000', '140924', '繁峙县');
INSERT INTO `area_code` VALUES ('140925000000', '140925', '宁武县');
INSERT INTO `area_code` VALUES ('140926000000', '140926', '静乐县');
INSERT INTO `area_code` VALUES ('140927000000', '140927', '神池县');
INSERT INTO `area_code` VALUES ('140928000000', '140928', '五寨县');
INSERT INTO `area_code` VALUES ('140929000000', '140929', '岢岚县');
INSERT INTO `area_code` VALUES ('140930000000', '140930', '河曲县');
INSERT INTO `area_code` VALUES ('140931000000', '140931', '保德县');
INSERT INTO `area_code` VALUES ('140932000000', '140932', '偏关县');
INSERT INTO `area_code` VALUES ('140981000000', '140981', '原平市');
INSERT INTO `area_code` VALUES ('141000000000', '1410', '临汾市');
INSERT INTO `area_code` VALUES ('141001000000', '141001', '市辖区');
INSERT INTO `area_code` VALUES ('141002000000', '141002', '尧都区');
INSERT INTO `area_code` VALUES ('141021000000', '141021', '曲沃县');
INSERT INTO `area_code` VALUES ('141022000000', '141022', '翼城县');
INSERT INTO `area_code` VALUES ('141023000000', '141023', '襄汾县');
INSERT INTO `area_code` VALUES ('141024000000', '141024', '洪洞县');
INSERT INTO `area_code` VALUES ('141025000000', '141025', '古县');
INSERT INTO `area_code` VALUES ('141026000000', '141026', '安泽县');
INSERT INTO `area_code` VALUES ('141027000000', '141027', '浮山县');
INSERT INTO `area_code` VALUES ('141028000000', '141028', '吉县');
INSERT INTO `area_code` VALUES ('141029000000', '141029', '乡宁县');
INSERT INTO `area_code` VALUES ('141030000000', '141030', '大宁县');
INSERT INTO `area_code` VALUES ('141031000000', '141031', '隰县');
INSERT INTO `area_code` VALUES ('141032000000', '141032', '永和县');
INSERT INTO `area_code` VALUES ('141033000000', '141033', '蒲县');
INSERT INTO `area_code` VALUES ('141034000000', '141034', '汾西县');
INSERT INTO `area_code` VALUES ('141081000000', '141081', '侯马市');
INSERT INTO `area_code` VALUES ('141082000000', '141082', '霍州市');
INSERT INTO `area_code` VALUES ('141100000000', '1411', '吕梁市');
INSERT INTO `area_code` VALUES ('141101000000', '141101', '市辖区');
INSERT INTO `area_code` VALUES ('141102000000', '141102', '离石区');
INSERT INTO `area_code` VALUES ('141121000000', '141121', '文水县');
INSERT INTO `area_code` VALUES ('141122000000', '141122', '交城县');
INSERT INTO `area_code` VALUES ('141123000000', '141123', '兴县');
INSERT INTO `area_code` VALUES ('141124000000', '141124', '临县');
INSERT INTO `area_code` VALUES ('141125000000', '141125', '柳林县');
INSERT INTO `area_code` VALUES ('141126000000', '141126', '石楼县');
INSERT INTO `area_code` VALUES ('141127000000', '141127', '岚县');
INSERT INTO `area_code` VALUES ('141128000000', '141128', '方山县');
INSERT INTO `area_code` VALUES ('141129000000', '141129', '中阳县');
INSERT INTO `area_code` VALUES ('141130000000', '141130', '交口县');
INSERT INTO `area_code` VALUES ('141181000000', '141181', '孝义市');
INSERT INTO `area_code` VALUES ('141182000000', '141182', '汾阳市');
INSERT INTO `area_code` VALUES ('150000000000', '15', '内蒙古自治区');
INSERT INTO `area_code` VALUES ('150100000000', '1501', '呼和浩特市');
INSERT INTO `area_code` VALUES ('150101000000', '150101', '市辖区');
INSERT INTO `area_code` VALUES ('150102000000', '150102', '新城区');
INSERT INTO `area_code` VALUES ('150103000000', '150103', '回民区');
INSERT INTO `area_code` VALUES ('150104000000', '150104', '玉泉区');
INSERT INTO `area_code` VALUES ('150105000000', '150105', '赛罕区');
INSERT INTO `area_code` VALUES ('150121000000', '150121', '土默特左旗');
INSERT INTO `area_code` VALUES ('150122000000', '150122', '托克托县');
INSERT INTO `area_code` VALUES ('150123000000', '150123', '和林格尔县');
INSERT INTO `area_code` VALUES ('150124000000', '150124', '清水河县');
INSERT INTO `area_code` VALUES ('150125000000', '150125', '武川县');
INSERT INTO `area_code` VALUES ('150200000000', '1502', '包头市');
INSERT INTO `area_code` VALUES ('150201000000', '150201', '市辖区');
INSERT INTO `area_code` VALUES ('150202000000', '150202', '东河区');
INSERT INTO `area_code` VALUES ('150203000000', '150203', '昆都仑区');
INSERT INTO `area_code` VALUES ('150204000000', '150204', '青山区');
INSERT INTO `area_code` VALUES ('150205000000', '150205', '石拐区');
INSERT INTO `area_code` VALUES ('150206000000', '150206', '白云鄂博矿区');
INSERT INTO `area_code` VALUES ('150207000000', '150207', '九原区');
INSERT INTO `area_code` VALUES ('150221000000', '150221', '土默特右旗');
INSERT INTO `area_code` VALUES ('150222000000', '150222', '固阳县');
INSERT INTO `area_code` VALUES ('150223000000', '150223', '达尔罕茂明安联合旗');
INSERT INTO `area_code` VALUES ('150300000000', '1503', '乌海市');
INSERT INTO `area_code` VALUES ('150301000000', '150301', '市辖区');
INSERT INTO `area_code` VALUES ('150302000000', '150302', '海勃湾区');
INSERT INTO `area_code` VALUES ('150303000000', '150303', '海南区');
INSERT INTO `area_code` VALUES ('150304000000', '150304', '乌达区');
INSERT INTO `area_code` VALUES ('150400000000', '1504', '赤峰市');
INSERT INTO `area_code` VALUES ('150401000000', '150401', '市辖区');
INSERT INTO `area_code` VALUES ('150402000000', '150402', '红山区');
INSERT INTO `area_code` VALUES ('150403000000', '150403', '元宝山区');
INSERT INTO `area_code` VALUES ('150404000000', '150404', '松山区');
INSERT INTO `area_code` VALUES ('150421000000', '150421', '阿鲁科尔沁旗');
INSERT INTO `area_code` VALUES ('150422000000', '150422', '巴林左旗');
INSERT INTO `area_code` VALUES ('150423000000', '150423', '巴林右旗');
INSERT INTO `area_code` VALUES ('150424000000', '150424', '林西县');
INSERT INTO `area_code` VALUES ('150425000000', '150425', '克什克腾旗');
INSERT INTO `area_code` VALUES ('150426000000', '150426', '翁牛特旗');
INSERT INTO `area_code` VALUES ('150428000000', '150428', '喀喇沁旗');
INSERT INTO `area_code` VALUES ('150429000000', '150429', '宁城县');
INSERT INTO `area_code` VALUES ('150430000000', '150430', '敖汉旗');
INSERT INTO `area_code` VALUES ('150500000000', '1505', '通辽市');
INSERT INTO `area_code` VALUES ('150501000000', '150501', '市辖区');
INSERT INTO `area_code` VALUES ('150502000000', '150502', '科尔沁区');
INSERT INTO `area_code` VALUES ('150521000000', '150521', '科尔沁左翼中旗');
INSERT INTO `area_code` VALUES ('150522000000', '150522', '科尔沁左翼后旗');
INSERT INTO `area_code` VALUES ('150523000000', '150523', '开鲁县');
INSERT INTO `area_code` VALUES ('150524000000', '150524', '库伦旗');
INSERT INTO `area_code` VALUES ('150525000000', '150525', '奈曼旗');
INSERT INTO `area_code` VALUES ('150526000000', '150526', '扎鲁特旗');
INSERT INTO `area_code` VALUES ('150581000000', '150581', '霍林郭勒市');
INSERT INTO `area_code` VALUES ('150600000000', '1506', '鄂尔多斯市');
INSERT INTO `area_code` VALUES ('150601000000', '150601', '市辖区');
INSERT INTO `area_code` VALUES ('150602000000', '150602', '东胜区');
INSERT INTO `area_code` VALUES ('150621000000', '150621', '达拉特旗');
INSERT INTO `area_code` VALUES ('150622000000', '150622', '准格尔旗');
INSERT INTO `area_code` VALUES ('150623000000', '150623', '鄂托克前旗');
INSERT INTO `area_code` VALUES ('150624000000', '150624', '鄂托克旗');
INSERT INTO `area_code` VALUES ('150625000000', '150625', '杭锦旗');
INSERT INTO `area_code` VALUES ('150626000000', '150626', '乌审旗');
INSERT INTO `area_code` VALUES ('150627000000', '150627', '伊金霍洛旗');
INSERT INTO `area_code` VALUES ('150700000000', '1507', '呼伦贝尔市');
INSERT INTO `area_code` VALUES ('150701000000', '150701', '市辖区');
INSERT INTO `area_code` VALUES ('150702000000', '150702', '海拉尔区');
INSERT INTO `area_code` VALUES ('150721000000', '150721', '阿荣旗');
INSERT INTO `area_code` VALUES ('150722000000', '150722', '莫力达瓦达斡尔族自治旗');
INSERT INTO `area_code` VALUES ('150723000000', '150723', '鄂伦春自治旗');
INSERT INTO `area_code` VALUES ('150724000000', '150724', '鄂温克族自治旗');
INSERT INTO `area_code` VALUES ('150725000000', '150725', '陈巴尔虎旗');
INSERT INTO `area_code` VALUES ('150726000000', '150726', '新巴尔虎左旗');
INSERT INTO `area_code` VALUES ('150727000000', '150727', '新巴尔虎右旗');
INSERT INTO `area_code` VALUES ('150781000000', '150781', '满洲里市');
INSERT INTO `area_code` VALUES ('150782000000', '150782', '牙克石市');
INSERT INTO `area_code` VALUES ('150783000000', '150783', '扎兰屯市');
INSERT INTO `area_code` VALUES ('150784000000', '150784', '额尔古纳市');
INSERT INTO `area_code` VALUES ('150785000000', '150785', '根河市');
INSERT INTO `area_code` VALUES ('150800000000', '1508', '巴彦淖尔市');
INSERT INTO `area_code` VALUES ('150801000000', '150801', '市辖区');
INSERT INTO `area_code` VALUES ('150802000000', '150802', '临河区');
INSERT INTO `area_code` VALUES ('150821000000', '150821', '五原县');
INSERT INTO `area_code` VALUES ('150822000000', '150822', '磴口县');
INSERT INTO `area_code` VALUES ('150823000000', '150823', '乌拉特前旗');
INSERT INTO `area_code` VALUES ('150824000000', '150824', '乌拉特中旗');
INSERT INTO `area_code` VALUES ('150825000000', '150825', '乌拉特后旗');
INSERT INTO `area_code` VALUES ('150826000000', '150826', '杭锦后旗');
INSERT INTO `area_code` VALUES ('150900000000', '1509', '乌兰察布市');
INSERT INTO `area_code` VALUES ('150901000000', '150901', '市辖区');
INSERT INTO `area_code` VALUES ('150902000000', '150902', '集宁区');
INSERT INTO `area_code` VALUES ('150921000000', '150921', '卓资县');
INSERT INTO `area_code` VALUES ('150922000000', '150922', '化德县');
INSERT INTO `area_code` VALUES ('150923000000', '150923', '商都县');
INSERT INTO `area_code` VALUES ('150924000000', '150924', '兴和县');
INSERT INTO `area_code` VALUES ('150925000000', '150925', '凉城县');
INSERT INTO `area_code` VALUES ('150926000000', '150926', '察哈尔右翼前旗');
INSERT INTO `area_code` VALUES ('150927000000', '150927', '察哈尔右翼中旗');
INSERT INTO `area_code` VALUES ('150928000000', '150928', '察哈尔右翼后旗');
INSERT INTO `area_code` VALUES ('150929000000', '150929', '四子王旗');
INSERT INTO `area_code` VALUES ('150981000000', '150981', '丰镇市');
INSERT INTO `area_code` VALUES ('152200000000', '1522', '兴安盟');
INSERT INTO `area_code` VALUES ('152201000000', '152201', '乌兰浩特市');
INSERT INTO `area_code` VALUES ('152202000000', '152202', '阿尔山市');
INSERT INTO `area_code` VALUES ('152221000000', '152221', '科尔沁右翼前旗');
INSERT INTO `area_code` VALUES ('152222000000', '152222', '科尔沁右翼中旗');
INSERT INTO `area_code` VALUES ('152223000000', '152223', '扎赉特旗');
INSERT INTO `area_code` VALUES ('152224000000', '152224', '突泉县');
INSERT INTO `area_code` VALUES ('152500000000', '1525', '锡林郭勒盟');
INSERT INTO `area_code` VALUES ('152501000000', '152501', '二连浩特市');
INSERT INTO `area_code` VALUES ('152502000000', '152502', '锡林浩特市');
INSERT INTO `area_code` VALUES ('152522000000', '152522', '阿巴嘎旗');
INSERT INTO `area_code` VALUES ('152523000000', '152523', '苏尼特左旗');
INSERT INTO `area_code` VALUES ('152524000000', '152524', '苏尼特右旗');
INSERT INTO `area_code` VALUES ('152525000000', '152525', '东乌珠穆沁旗');
INSERT INTO `area_code` VALUES ('152526000000', '152526', '西乌珠穆沁旗');
INSERT INTO `area_code` VALUES ('152527000000', '152527', '太仆寺旗');
INSERT INTO `area_code` VALUES ('152528000000', '152528', '镶黄旗');
INSERT INTO `area_code` VALUES ('152529000000', '152529', '正镶白旗');
INSERT INTO `area_code` VALUES ('152530000000', '152530', '正蓝旗');
INSERT INTO `area_code` VALUES ('152531000000', '152531', '多伦县');
INSERT INTO `area_code` VALUES ('152900000000', '1529', '阿拉善盟');
INSERT INTO `area_code` VALUES ('152921000000', '152921', '阿拉善左旗');
INSERT INTO `area_code` VALUES ('152922000000', '152922', '阿拉善右旗');
INSERT INTO `area_code` VALUES ('152923000000', '152923', '额济纳旗');
INSERT INTO `area_code` VALUES ('210000000000', '21', '辽宁省');
INSERT INTO `area_code` VALUES ('210100000000', '2101', '沈阳市');
INSERT INTO `area_code` VALUES ('210101000000', '210101', '市辖区');
INSERT INTO `area_code` VALUES ('210102000000', '210102', '和平区');
INSERT INTO `area_code` VALUES ('210103000000', '210103', '沈河区');
INSERT INTO `area_code` VALUES ('210104000000', '210104', '大东区');
INSERT INTO `area_code` VALUES ('210105000000', '210105', '皇姑区');
INSERT INTO `area_code` VALUES ('210106000000', '210106', '铁西区');
INSERT INTO `area_code` VALUES ('210111000000', '210111', '苏家屯区');
INSERT INTO `area_code` VALUES ('210112000000', '210112', '东陵区');
INSERT INTO `area_code` VALUES ('210113000000', '210113', '沈北新区');
INSERT INTO `area_code` VALUES ('210114000000', '210114', '于洪区');
INSERT INTO `area_code` VALUES ('210122000000', '210122', '辽中县');
INSERT INTO `area_code` VALUES ('210123000000', '210123', '康平县');
INSERT INTO `area_code` VALUES ('210124000000', '210124', '法库县');
INSERT INTO `area_code` VALUES ('210181000000', '210181', '新民市');
INSERT INTO `area_code` VALUES ('210200000000', '2102', '大连市');
INSERT INTO `area_code` VALUES ('210201000000', '210201', '市辖区');
INSERT INTO `area_code` VALUES ('210202000000', '210202', '中山区');
INSERT INTO `area_code` VALUES ('210203000000', '210203', '西岗区');
INSERT INTO `area_code` VALUES ('210204000000', '210204', '沙河口区');
INSERT INTO `area_code` VALUES ('210211000000', '210211', '甘井子区');
INSERT INTO `area_code` VALUES ('210212000000', '210212', '旅顺口区');
INSERT INTO `area_code` VALUES ('210213000000', '210213', '金州区');
INSERT INTO `area_code` VALUES ('210224000000', '210224', '长海县');
INSERT INTO `area_code` VALUES ('210281000000', '210281', '瓦房店市');
INSERT INTO `area_code` VALUES ('210282000000', '210282', '普兰店市');
INSERT INTO `area_code` VALUES ('210283000000', '210283', '庄河市');
INSERT INTO `area_code` VALUES ('210300000000', '2103', '鞍山市');
INSERT INTO `area_code` VALUES ('210301000000', '210301', '市辖区');
INSERT INTO `area_code` VALUES ('210302000000', '210302', '铁东区');
INSERT INTO `area_code` VALUES ('210303000000', '210303', '铁西区');
INSERT INTO `area_code` VALUES ('210304000000', '210304', '立山区');
INSERT INTO `area_code` VALUES ('210311000000', '210311', '千山区');
INSERT INTO `area_code` VALUES ('210321000000', '210321', '台安县');
INSERT INTO `area_code` VALUES ('210323000000', '210323', '岫岩满族自治县');
INSERT INTO `area_code` VALUES ('210381000000', '210381', '海城市');
INSERT INTO `area_code` VALUES ('210400000000', '2104', '抚顺市');
INSERT INTO `area_code` VALUES ('210401000000', '210401', '市辖区');
INSERT INTO `area_code` VALUES ('210402000000', '210402', '新抚区');
INSERT INTO `area_code` VALUES ('210403000000', '210403', '东洲区');
INSERT INTO `area_code` VALUES ('210404000000', '210404', '望花区');
INSERT INTO `area_code` VALUES ('210411000000', '210411', '顺城区');
INSERT INTO `area_code` VALUES ('210421000000', '210421', '抚顺县');
INSERT INTO `area_code` VALUES ('210422000000', '210422', '新宾满族自治县');
INSERT INTO `area_code` VALUES ('210423000000', '210423', '清原满族自治县');
INSERT INTO `area_code` VALUES ('210500000000', '2105', '本溪市');
INSERT INTO `area_code` VALUES ('210501000000', '210501', '市辖区');
INSERT INTO `area_code` VALUES ('210502000000', '210502', '平山区');
INSERT INTO `area_code` VALUES ('210503000000', '210503', '溪湖区');
INSERT INTO `area_code` VALUES ('210504000000', '210504', '明山区');
INSERT INTO `area_code` VALUES ('210505000000', '210505', '南芬区');
INSERT INTO `area_code` VALUES ('210521000000', '210521', '本溪满族自治县');
INSERT INTO `area_code` VALUES ('210522000000', '210522', '桓仁满族自治县');
INSERT INTO `area_code` VALUES ('210600000000', '2106', '丹东市');
INSERT INTO `area_code` VALUES ('210601000000', '210601', '市辖区');
INSERT INTO `area_code` VALUES ('210602000000', '210602', '元宝区');
INSERT INTO `area_code` VALUES ('210603000000', '210603', '振兴区');
INSERT INTO `area_code` VALUES ('210604000000', '210604', '振安区');
INSERT INTO `area_code` VALUES ('210624000000', '210624', '宽甸满族自治县');
INSERT INTO `area_code` VALUES ('210681000000', '210681', '东港市');
INSERT INTO `area_code` VALUES ('210682000000', '210682', '凤城市');
INSERT INTO `area_code` VALUES ('210700000000', '2107', '锦州市');
INSERT INTO `area_code` VALUES ('210701000000', '210701', '市辖区');
INSERT INTO `area_code` VALUES ('210702000000', '210702', '古塔区');
INSERT INTO `area_code` VALUES ('210703000000', '210703', '凌河区');
INSERT INTO `area_code` VALUES ('210711000000', '210711', '太和区');
INSERT INTO `area_code` VALUES ('210726000000', '210726', '黑山县');
INSERT INTO `area_code` VALUES ('210727000000', '210727', '义县');
INSERT INTO `area_code` VALUES ('210781000000', '210781', '凌海市');
INSERT INTO `area_code` VALUES ('210782000000', '210782', '北镇市');
INSERT INTO `area_code` VALUES ('210800000000', '2108', '营口市');
INSERT INTO `area_code` VALUES ('210801000000', '210801', '市辖区');
INSERT INTO `area_code` VALUES ('210802000000', '210802', '站前区');
INSERT INTO `area_code` VALUES ('210803000000', '210803', '西市区');
INSERT INTO `area_code` VALUES ('210804000000', '210804', '鲅鱼圈区');
INSERT INTO `area_code` VALUES ('210811000000', '210811', '老边区');
INSERT INTO `area_code` VALUES ('210881000000', '210881', '盖州市');
INSERT INTO `area_code` VALUES ('210882000000', '210882', '大石桥市');
INSERT INTO `area_code` VALUES ('210900000000', '2109', '阜新市');
INSERT INTO `area_code` VALUES ('210901000000', '210901', '市辖区');
INSERT INTO `area_code` VALUES ('210902000000', '210902', '海州区');
INSERT INTO `area_code` VALUES ('210903000000', '210903', '新邱区');
INSERT INTO `area_code` VALUES ('210904000000', '210904', '太平区');
INSERT INTO `area_code` VALUES ('210905000000', '210905', '清河门区');
INSERT INTO `area_code` VALUES ('210911000000', '210911', '细河区');
INSERT INTO `area_code` VALUES ('210921000000', '210921', '阜新蒙古族自治县');
INSERT INTO `area_code` VALUES ('210922000000', '210922', '彰武县');
INSERT INTO `area_code` VALUES ('211000000000', '2110', '辽阳市');
INSERT INTO `area_code` VALUES ('211001000000', '211001', '市辖区');
INSERT INTO `area_code` VALUES ('211002000000', '211002', '白塔区');
INSERT INTO `area_code` VALUES ('211003000000', '211003', '文圣区');
INSERT INTO `area_code` VALUES ('211004000000', '211004', '宏伟区');
INSERT INTO `area_code` VALUES ('211005000000', '211005', '弓长岭区');
INSERT INTO `area_code` VALUES ('211011000000', '211011', '太子河区');
INSERT INTO `area_code` VALUES ('211021000000', '211021', '辽阳县');
INSERT INTO `area_code` VALUES ('211081000000', '211081', '灯塔市');
INSERT INTO `area_code` VALUES ('211100000000', '2111', '盘锦市');
INSERT INTO `area_code` VALUES ('211101000000', '211101', '市辖区');
INSERT INTO `area_code` VALUES ('211102000000', '211102', '双台子区');
INSERT INTO `area_code` VALUES ('211103000000', '211103', '兴隆台区');
INSERT INTO `area_code` VALUES ('211121000000', '211121', '大洼县');
INSERT INTO `area_code` VALUES ('211122000000', '211122', '盘山县');
INSERT INTO `area_code` VALUES ('211200000000', '2112', '铁岭市');
INSERT INTO `area_code` VALUES ('211201000000', '211201', '市辖区');
INSERT INTO `area_code` VALUES ('211202000000', '211202', '银州区');
INSERT INTO `area_code` VALUES ('211204000000', '211204', '清河区');
INSERT INTO `area_code` VALUES ('211221000000', '211221', '铁岭县');
INSERT INTO `area_code` VALUES ('211223000000', '211223', '西丰县');
INSERT INTO `area_code` VALUES ('211224000000', '211224', '昌图县');
INSERT INTO `area_code` VALUES ('211281000000', '211281', '调兵山市');
INSERT INTO `area_code` VALUES ('211282000000', '211282', '开原市');
INSERT INTO `area_code` VALUES ('211300000000', '2113', '朝阳市');
INSERT INTO `area_code` VALUES ('211301000000', '211301', '市辖区');
INSERT INTO `area_code` VALUES ('211302000000', '211302', '双塔区');
INSERT INTO `area_code` VALUES ('211303000000', '211303', '龙城区');
INSERT INTO `area_code` VALUES ('211321000000', '211321', '朝阳县');
INSERT INTO `area_code` VALUES ('211322000000', '211322', '建平县');
INSERT INTO `area_code` VALUES ('211324000000', '211324', '喀喇沁左翼蒙古族自治县');
INSERT INTO `area_code` VALUES ('211381000000', '211381', '北票市');
INSERT INTO `area_code` VALUES ('211382000000', '211382', '凌源市');
INSERT INTO `area_code` VALUES ('211400000000', '2114', '葫芦岛市');
INSERT INTO `area_code` VALUES ('211401000000', '211401', '市辖区');
INSERT INTO `area_code` VALUES ('211402000000', '211402', '连山区');
INSERT INTO `area_code` VALUES ('211403000000', '211403', '龙港区');
INSERT INTO `area_code` VALUES ('211404000000', '211404', '南票区');
INSERT INTO `area_code` VALUES ('211421000000', '211421', '绥中县');
INSERT INTO `area_code` VALUES ('211422000000', '211422', '建昌县');
INSERT INTO `area_code` VALUES ('211481000000', '211481', '兴城市');
INSERT INTO `area_code` VALUES ('220000000000', '22', '吉林省');
INSERT INTO `area_code` VALUES ('220100000000', '2201', '长春市');
INSERT INTO `area_code` VALUES ('220101000000', '220101', '市辖区');
INSERT INTO `area_code` VALUES ('220102000000', '220102', '南关区');
INSERT INTO `area_code` VALUES ('220103000000', '220103', '宽城区');
INSERT INTO `area_code` VALUES ('220104000000', '220104', '朝阳区');
INSERT INTO `area_code` VALUES ('220105000000', '220105', '二道区');
INSERT INTO `area_code` VALUES ('220106000000', '220106', '绿园区');
INSERT INTO `area_code` VALUES ('220112000000', '220112', '双阳区');
INSERT INTO `area_code` VALUES ('220122000000', '220122', '农安县');
INSERT INTO `area_code` VALUES ('220181000000', '220181', '九台市');
INSERT INTO `area_code` VALUES ('220182000000', '220182', '榆树市');
INSERT INTO `area_code` VALUES ('220183000000', '220183', '德惠市');
INSERT INTO `area_code` VALUES ('220200000000', '2202', '吉林市');
INSERT INTO `area_code` VALUES ('220201000000', '220201', '市辖区');
INSERT INTO `area_code` VALUES ('220202000000', '220202', '昌邑区');
INSERT INTO `area_code` VALUES ('220203000000', '220203', '龙潭区');
INSERT INTO `area_code` VALUES ('220204000000', '220204', '船营区');
INSERT INTO `area_code` VALUES ('220211000000', '220211', '丰满区');
INSERT INTO `area_code` VALUES ('220221000000', '220221', '永吉县');
INSERT INTO `area_code` VALUES ('220281000000', '220281', '蛟河市');
INSERT INTO `area_code` VALUES ('220282000000', '220282', '桦甸市');
INSERT INTO `area_code` VALUES ('220283000000', '220283', '舒兰市');
INSERT INTO `area_code` VALUES ('220284000000', '220284', '磐石市');
INSERT INTO `area_code` VALUES ('220300000000', '2203', '四平市');
INSERT INTO `area_code` VALUES ('220301000000', '220301', '市辖区');
INSERT INTO `area_code` VALUES ('220302000000', '220302', '铁西区');
INSERT INTO `area_code` VALUES ('220303000000', '220303', '铁东区');
INSERT INTO `area_code` VALUES ('220322000000', '220322', '梨树县');
INSERT INTO `area_code` VALUES ('220323000000', '220323', '伊通满族自治县');
INSERT INTO `area_code` VALUES ('220381000000', '220381', '公主岭市');
INSERT INTO `area_code` VALUES ('220382000000', '220382', '双辽市');
INSERT INTO `area_code` VALUES ('220400000000', '2204', '辽源市');
INSERT INTO `area_code` VALUES ('220401000000', '220401', '市辖区');
INSERT INTO `area_code` VALUES ('220402000000', '220402', '龙山区');
INSERT INTO `area_code` VALUES ('220403000000', '220403', '西安区');
INSERT INTO `area_code` VALUES ('220421000000', '220421', '东丰县');
INSERT INTO `area_code` VALUES ('220422000000', '220422', '东辽县');
INSERT INTO `area_code` VALUES ('220500000000', '2205', '通化市');
INSERT INTO `area_code` VALUES ('220501000000', '220501', '市辖区');
INSERT INTO `area_code` VALUES ('220502000000', '220502', '东昌区');
INSERT INTO `area_code` VALUES ('220503000000', '220503', '二道江区');
INSERT INTO `area_code` VALUES ('220521000000', '220521', '通化县');
INSERT INTO `area_code` VALUES ('220523000000', '220523', '辉南县');
INSERT INTO `area_code` VALUES ('220524000000', '220524', '柳河县');
INSERT INTO `area_code` VALUES ('220581000000', '220581', '梅河口市');
INSERT INTO `area_code` VALUES ('220582000000', '220582', '集安市');
INSERT INTO `area_code` VALUES ('220600000000', '2206', '白山市');
INSERT INTO `area_code` VALUES ('220601000000', '220601', '市辖区');
INSERT INTO `area_code` VALUES ('220602000000', '220602', '八道江区');
INSERT INTO `area_code` VALUES ('220605000000', '220605', '江源区');
INSERT INTO `area_code` VALUES ('220621000000', '220621', '抚松县');
INSERT INTO `area_code` VALUES ('220622000000', '220622', '靖宇县');
INSERT INTO `area_code` VALUES ('220623000000', '220623', '长白朝鲜族自治县');
INSERT INTO `area_code` VALUES ('220681000000', '220681', '临江市');
INSERT INTO `area_code` VALUES ('220700000000', '2207', '松原市');
INSERT INTO `area_code` VALUES ('220701000000', '220701', '市辖区');
INSERT INTO `area_code` VALUES ('220702000000', '220702', '宁江区');
INSERT INTO `area_code` VALUES ('220721000000', '220721', '前郭尔罗斯蒙古族自治县');
INSERT INTO `area_code` VALUES ('220722000000', '220722', '长岭县');
INSERT INTO `area_code` VALUES ('220723000000', '220723', '乾安县');
INSERT INTO `area_code` VALUES ('220724000000', '220724', '扶余县');
INSERT INTO `area_code` VALUES ('220800000000', '2208', '白城市');
INSERT INTO `area_code` VALUES ('220801000000', '220801', '市辖区');
INSERT INTO `area_code` VALUES ('220802000000', '220802', '洮北区');
INSERT INTO `area_code` VALUES ('220821000000', '220821', '镇赉县');
INSERT INTO `area_code` VALUES ('220822000000', '220822', '通榆县');
INSERT INTO `area_code` VALUES ('220881000000', '220881', '洮南市');
INSERT INTO `area_code` VALUES ('220882000000', '220882', '大安市');
INSERT INTO `area_code` VALUES ('222400000000', '2224', '延边朝鲜族自治州');
INSERT INTO `area_code` VALUES ('222401000000', '222401', '延吉市');
INSERT INTO `area_code` VALUES ('222402000000', '222402', '图们市');
INSERT INTO `area_code` VALUES ('222403000000', '222403', '敦化市');
INSERT INTO `area_code` VALUES ('222404000000', '222404', '珲春市');
INSERT INTO `area_code` VALUES ('222405000000', '222405', '龙井市');
INSERT INTO `area_code` VALUES ('222406000000', '222406', '和龙市');
INSERT INTO `area_code` VALUES ('222424000000', '222424', '汪清县');
INSERT INTO `area_code` VALUES ('222426000000', '222426', '安图县');
INSERT INTO `area_code` VALUES ('230000000000', '23', '黑龙江省');
INSERT INTO `area_code` VALUES ('230100000000', '2301', '哈尔滨市');
INSERT INTO `area_code` VALUES ('230101000000', '230101', '市辖区');
INSERT INTO `area_code` VALUES ('230102000000', '230102', '道里区');
INSERT INTO `area_code` VALUES ('230103000000', '230103', '南岗区');
INSERT INTO `area_code` VALUES ('230104000000', '230104', '道外区');
INSERT INTO `area_code` VALUES ('230108000000', '230108', '平房区');
INSERT INTO `area_code` VALUES ('230109000000', '230109', '松北区');
INSERT INTO `area_code` VALUES ('230110000000', '230110', '香坊区');
INSERT INTO `area_code` VALUES ('230111000000', '230111', '呼兰区');
INSERT INTO `area_code` VALUES ('230112000000', '230112', '阿城区');
INSERT INTO `area_code` VALUES ('230123000000', '230123', '依兰县');
INSERT INTO `area_code` VALUES ('230124000000', '230124', '方正县');
INSERT INTO `area_code` VALUES ('230125000000', '230125', '宾县');
INSERT INTO `area_code` VALUES ('230126000000', '230126', '巴彦县');
INSERT INTO `area_code` VALUES ('230127000000', '230127', '木兰县');
INSERT INTO `area_code` VALUES ('230128000000', '230128', '通河县');
INSERT INTO `area_code` VALUES ('230129000000', '230129', '延寿县');
INSERT INTO `area_code` VALUES ('230182000000', '230182', '双城市');
INSERT INTO `area_code` VALUES ('230183000000', '230183', '尚志市');
INSERT INTO `area_code` VALUES ('230184000000', '230184', '五常市');
INSERT INTO `area_code` VALUES ('230200000000', '2302', '齐齐哈尔市');
INSERT INTO `area_code` VALUES ('230201000000', '230201', '市辖区');
INSERT INTO `area_code` VALUES ('230202000000', '230202', '龙沙区');
INSERT INTO `area_code` VALUES ('230203000000', '230203', '建华区');
INSERT INTO `area_code` VALUES ('230204000000', '230204', '铁锋区');
INSERT INTO `area_code` VALUES ('230205000000', '230205', '昂昂溪区');
INSERT INTO `area_code` VALUES ('230206000000', '230206', '富拉尔基区');
INSERT INTO `area_code` VALUES ('230207000000', '230207', '碾子山区');
INSERT INTO `area_code` VALUES ('230208000000', '230208', '梅里斯达斡尔族区');
INSERT INTO `area_code` VALUES ('230221000000', '230221', '龙江县');
INSERT INTO `area_code` VALUES ('230223000000', '230223', '依安县');
INSERT INTO `area_code` VALUES ('230224000000', '230224', '泰来县');
INSERT INTO `area_code` VALUES ('230225000000', '230225', '甘南县');
INSERT INTO `area_code` VALUES ('230227000000', '230227', '富裕县');
INSERT INTO `area_code` VALUES ('230229000000', '230229', '克山县');
INSERT INTO `area_code` VALUES ('230230000000', '230230', '克东县');
INSERT INTO `area_code` VALUES ('230231000000', '230231', '拜泉县');
INSERT INTO `area_code` VALUES ('230281000000', '230281', '讷河市');
INSERT INTO `area_code` VALUES ('230300000000', '2303', '鸡西市');
INSERT INTO `area_code` VALUES ('230301000000', '230301', '市辖区');
INSERT INTO `area_code` VALUES ('230302000000', '230302', '鸡冠区');
INSERT INTO `area_code` VALUES ('230303000000', '230303', '恒山区');
INSERT INTO `area_code` VALUES ('230304000000', '230304', '滴道区');
INSERT INTO `area_code` VALUES ('230305000000', '230305', '梨树区');
INSERT INTO `area_code` VALUES ('230306000000', '230306', '城子河区');
INSERT INTO `area_code` VALUES ('230307000000', '230307', '麻山区');
INSERT INTO `area_code` VALUES ('230321000000', '230321', '鸡东县');
INSERT INTO `area_code` VALUES ('230381000000', '230381', '虎林市');
INSERT INTO `area_code` VALUES ('230382000000', '230382', '密山市');
INSERT INTO `area_code` VALUES ('230400000000', '2304', '鹤岗市');
INSERT INTO `area_code` VALUES ('230401000000', '230401', '市辖区');
INSERT INTO `area_code` VALUES ('230402000000', '230402', '向阳区');
INSERT INTO `area_code` VALUES ('230403000000', '230403', '工农区');
INSERT INTO `area_code` VALUES ('230404000000', '230404', '南山区');
INSERT INTO `area_code` VALUES ('230405000000', '230405', '兴安区');
INSERT INTO `area_code` VALUES ('230406000000', '230406', '东山区');
INSERT INTO `area_code` VALUES ('230407000000', '230407', '兴山区');
INSERT INTO `area_code` VALUES ('230421000000', '230421', '萝北县');
INSERT INTO `area_code` VALUES ('230422000000', '230422', '绥滨县');
INSERT INTO `area_code` VALUES ('230500000000', '2305', '双鸭山市');
INSERT INTO `area_code` VALUES ('230501000000', '230501', '市辖区');
INSERT INTO `area_code` VALUES ('230502000000', '230502', '尖山区');
INSERT INTO `area_code` VALUES ('230503000000', '230503', '岭东区');
INSERT INTO `area_code` VALUES ('230505000000', '230505', '四方台区');
INSERT INTO `area_code` VALUES ('230506000000', '230506', '宝山区');
INSERT INTO `area_code` VALUES ('230521000000', '230521', '集贤县');
INSERT INTO `area_code` VALUES ('230522000000', '230522', '友谊县');
INSERT INTO `area_code` VALUES ('230523000000', '230523', '宝清县');
INSERT INTO `area_code` VALUES ('230524000000', '230524', '饶河县');
INSERT INTO `area_code` VALUES ('230600000000', '2306', '大庆市');
INSERT INTO `area_code` VALUES ('230601000000', '230601', '市辖区');
INSERT INTO `area_code` VALUES ('230602000000', '230602', '萨尔图区');
INSERT INTO `area_code` VALUES ('230603000000', '230603', '龙凤区');
INSERT INTO `area_code` VALUES ('230604000000', '230604', '让胡路区');
INSERT INTO `area_code` VALUES ('230605000000', '230605', '红岗区');
INSERT INTO `area_code` VALUES ('230606000000', '230606', '大同区');
INSERT INTO `area_code` VALUES ('230621000000', '230621', '肇州县');
INSERT INTO `area_code` VALUES ('230622000000', '230622', '肇源县');
INSERT INTO `area_code` VALUES ('230623000000', '230623', '林甸县');
INSERT INTO `area_code` VALUES ('230624000000', '230624', '杜尔伯特蒙古族自治县');
INSERT INTO `area_code` VALUES ('230700000000', '2307', '伊春市');
INSERT INTO `area_code` VALUES ('230701000000', '230701', '市辖区');
INSERT INTO `area_code` VALUES ('230702000000', '230702', '伊春区');
INSERT INTO `area_code` VALUES ('230703000000', '230703', '南岔区');
INSERT INTO `area_code` VALUES ('230704000000', '230704', '友好区');
INSERT INTO `area_code` VALUES ('230705000000', '230705', '西林区');
INSERT INTO `area_code` VALUES ('230706000000', '230706', '翠峦区');
INSERT INTO `area_code` VALUES ('230707000000', '230707', '新青区');
INSERT INTO `area_code` VALUES ('230708000000', '230708', '美溪区');
INSERT INTO `area_code` VALUES ('230709000000', '230709', '金山屯区');
INSERT INTO `area_code` VALUES ('230710000000', '230710', '五营区');
INSERT INTO `area_code` VALUES ('230711000000', '230711', '乌马河区');
INSERT INTO `area_code` VALUES ('230712000000', '230712', '汤旺河区');
INSERT INTO `area_code` VALUES ('230713000000', '230713', '带岭区');
INSERT INTO `area_code` VALUES ('230714000000', '230714', '乌伊岭区');
INSERT INTO `area_code` VALUES ('230715000000', '230715', '红星区');
INSERT INTO `area_code` VALUES ('230716000000', '230716', '上甘岭区');
INSERT INTO `area_code` VALUES ('230722000000', '230722', '嘉荫县');
INSERT INTO `area_code` VALUES ('230781000000', '230781', '铁力市');
INSERT INTO `area_code` VALUES ('230800000000', '2308', '佳木斯市');
INSERT INTO `area_code` VALUES ('230801000000', '230801', '市辖区');
INSERT INTO `area_code` VALUES ('230803000000', '230803', '向阳区');
INSERT INTO `area_code` VALUES ('230804000000', '230804', '前进区');
INSERT INTO `area_code` VALUES ('230805000000', '230805', '东风区');
INSERT INTO `area_code` VALUES ('230811000000', '230811', '郊区');
INSERT INTO `area_code` VALUES ('230822000000', '230822', '桦南县');
INSERT INTO `area_code` VALUES ('230826000000', '230826', '桦川县');
INSERT INTO `area_code` VALUES ('230828000000', '230828', '汤原县');
INSERT INTO `area_code` VALUES ('230833000000', '230833', '抚远县');
INSERT INTO `area_code` VALUES ('230881000000', '230881', '同江市');
INSERT INTO `area_code` VALUES ('230882000000', '230882', '富锦市');
INSERT INTO `area_code` VALUES ('230900000000', '2309', '七台河市');
INSERT INTO `area_code` VALUES ('230901000000', '230901', '市辖区');
INSERT INTO `area_code` VALUES ('230902000000', '230902', '新兴区');
INSERT INTO `area_code` VALUES ('230903000000', '230903', '桃山区');
INSERT INTO `area_code` VALUES ('230904000000', '230904', '茄子河区');
INSERT INTO `area_code` VALUES ('230921000000', '230921', '勃利县');
INSERT INTO `area_code` VALUES ('231000000000', '2310', '牡丹江市');
INSERT INTO `area_code` VALUES ('231001000000', '231001', '市辖区');
INSERT INTO `area_code` VALUES ('231002000000', '231002', '东安区');
INSERT INTO `area_code` VALUES ('231003000000', '231003', '阳明区');
INSERT INTO `area_code` VALUES ('231004000000', '231004', '爱民区');
INSERT INTO `area_code` VALUES ('231005000000', '231005', '西安区');
INSERT INTO `area_code` VALUES ('231024000000', '231024', '东宁县');
INSERT INTO `area_code` VALUES ('231025000000', '231025', '林口县');
INSERT INTO `area_code` VALUES ('231081000000', '231081', '绥芬河市');
INSERT INTO `area_code` VALUES ('231083000000', '231083', '海林市');
INSERT INTO `area_code` VALUES ('231084000000', '231084', '宁安市');
INSERT INTO `area_code` VALUES ('231085000000', '231085', '穆棱市');
INSERT INTO `area_code` VALUES ('231100000000', '2311', '黑河市');
INSERT INTO `area_code` VALUES ('231101000000', '231101', '市辖区');
INSERT INTO `area_code` VALUES ('231102000000', '231102', '爱辉区');
INSERT INTO `area_code` VALUES ('231121000000', '231121', '嫩江县');
INSERT INTO `area_code` VALUES ('231123000000', '231123', '逊克县');
INSERT INTO `area_code` VALUES ('231124000000', '231124', '孙吴县');
INSERT INTO `area_code` VALUES ('231181000000', '231181', '北安市');
INSERT INTO `area_code` VALUES ('231182000000', '231182', '五大连池市');
INSERT INTO `area_code` VALUES ('231200000000', '2312', '绥化市');
INSERT INTO `area_code` VALUES ('231201000000', '231201', '市辖区');
INSERT INTO `area_code` VALUES ('231202000000', '231202', '北林区');
INSERT INTO `area_code` VALUES ('231221000000', '231221', '望奎县');
INSERT INTO `area_code` VALUES ('231222000000', '231222', '兰西县');
INSERT INTO `area_code` VALUES ('231223000000', '231223', '青冈县');
INSERT INTO `area_code` VALUES ('231224000000', '231224', '庆安县');
INSERT INTO `area_code` VALUES ('231225000000', '231225', '明水县');
INSERT INTO `area_code` VALUES ('231226000000', '231226', '绥棱县');
INSERT INTO `area_code` VALUES ('231281000000', '231281', '安达市');
INSERT INTO `area_code` VALUES ('231282000000', '231282', '肇东市');
INSERT INTO `area_code` VALUES ('231283000000', '231283', '海伦市');
INSERT INTO `area_code` VALUES ('232700000000', '2327', '大兴安岭地区');
INSERT INTO `area_code` VALUES ('232701000000', '232701', '加格达奇区');
INSERT INTO `area_code` VALUES ('232702000000', '232702', '松岭区');
INSERT INTO `area_code` VALUES ('232703000000', '232703', '新林区');
INSERT INTO `area_code` VALUES ('232704000000', '232704', '呼中区');
INSERT INTO `area_code` VALUES ('232721000000', '232721', '呼玛县');
INSERT INTO `area_code` VALUES ('232722000000', '232722', '塔河县');
INSERT INTO `area_code` VALUES ('232723000000', '232723', '漠河县');
INSERT INTO `area_code` VALUES ('310000000000', '31', '上海市');
INSERT INTO `area_code` VALUES ('310100000000', '3101', '市辖区');
INSERT INTO `area_code` VALUES ('310101000000', '310101', '黄浦区');
INSERT INTO `area_code` VALUES ('310103000000', '310103', '卢湾区');
INSERT INTO `area_code` VALUES ('310104000000', '310104', '徐汇区');
INSERT INTO `area_code` VALUES ('310105000000', '310105', '长宁区');
INSERT INTO `area_code` VALUES ('310106000000', '310106', '静安区');
INSERT INTO `area_code` VALUES ('310107000000', '310107', '普陀区');
INSERT INTO `area_code` VALUES ('310108000000', '310108', '闸北区');
INSERT INTO `area_code` VALUES ('310109000000', '310109', '虹口区');
INSERT INTO `area_code` VALUES ('310110000000', '310110', '杨浦区');
INSERT INTO `area_code` VALUES ('310112000000', '310112', '闵行区');
INSERT INTO `area_code` VALUES ('310113000000', '310113', '宝山区');
INSERT INTO `area_code` VALUES ('310114000000', '310114', '嘉定区');
INSERT INTO `area_code` VALUES ('310115000000', '310115', '浦东新区');
INSERT INTO `area_code` VALUES ('310116000000', '310116', '金山区');
INSERT INTO `area_code` VALUES ('310117000000', '310117', '松江区');
INSERT INTO `area_code` VALUES ('310118000000', '310118', '青浦区');
INSERT INTO `area_code` VALUES ('310120000000', '310120', '奉贤区');
INSERT INTO `area_code` VALUES ('310200000000', '3102', '县');
INSERT INTO `area_code` VALUES ('310230000000', '310230', '崇明县');
INSERT INTO `area_code` VALUES ('320000000000', '32', '江苏省');
INSERT INTO `area_code` VALUES ('320100000000', '3201', '南京市');
INSERT INTO `area_code` VALUES ('320101000000', '320101', '市辖区');
INSERT INTO `area_code` VALUES ('320102000000', '320102', '玄武区');
INSERT INTO `area_code` VALUES ('320103000000', '320103', '白下区');
INSERT INTO `area_code` VALUES ('320104000000', '320104', '秦淮区');
INSERT INTO `area_code` VALUES ('320105000000', '320105', '建邺区');
INSERT INTO `area_code` VALUES ('320106000000', '320106', '鼓楼区');
INSERT INTO `area_code` VALUES ('320107000000', '320107', '下关区');
INSERT INTO `area_code` VALUES ('320111000000', '320111', '浦口区');
INSERT INTO `area_code` VALUES ('320113000000', '320113', '栖霞区');
INSERT INTO `area_code` VALUES ('320114000000', '320114', '雨花台区');
INSERT INTO `area_code` VALUES ('320115000000', '320115', '江宁区');
INSERT INTO `area_code` VALUES ('320116000000', '320116', '六合区');
INSERT INTO `area_code` VALUES ('320124000000', '320124', '溧水县');
INSERT INTO `area_code` VALUES ('320125000000', '320125', '高淳县');
INSERT INTO `area_code` VALUES ('320200000000', '3202', '无锡市');
INSERT INTO `area_code` VALUES ('320201000000', '320201', '市辖区');
INSERT INTO `area_code` VALUES ('320202000000', '320202', '崇安区');
INSERT INTO `area_code` VALUES ('320203000000', '320203', '南长区');
INSERT INTO `area_code` VALUES ('320204000000', '320204', '北塘区');
INSERT INTO `area_code` VALUES ('320205000000', '320205', '锡山区');
INSERT INTO `area_code` VALUES ('320206000000', '320206', '惠山区');
INSERT INTO `area_code` VALUES ('320211000000', '320211', '滨湖区');
INSERT INTO `area_code` VALUES ('320281000000', '320281', '江阴市');
INSERT INTO `area_code` VALUES ('320282000000', '320282', '宜兴市');
INSERT INTO `area_code` VALUES ('320300000000', '3203', '徐州市');
INSERT INTO `area_code` VALUES ('320301000000', '320301', '市辖区');
INSERT INTO `area_code` VALUES ('320302000000', '320302', '鼓楼区');
INSERT INTO `area_code` VALUES ('320303000000', '320303', '云龙区');
INSERT INTO `area_code` VALUES ('320304000000', '320304', '九里区');
INSERT INTO `area_code` VALUES ('320305000000', '320305', '贾汪区');
INSERT INTO `area_code` VALUES ('320311000000', '320311', '泉山区');
INSERT INTO `area_code` VALUES ('320321000000', '320321', '丰县');
INSERT INTO `area_code` VALUES ('320322000000', '320322', '沛县');
INSERT INTO `area_code` VALUES ('320323000000', '320323', '铜山县');
INSERT INTO `area_code` VALUES ('320324000000', '320324', '睢宁县');
INSERT INTO `area_code` VALUES ('320381000000', '320381', '新沂市');
INSERT INTO `area_code` VALUES ('320382000000', '320382', '邳州市');
INSERT INTO `area_code` VALUES ('320400000000', '3204', '常州市');
INSERT INTO `area_code` VALUES ('320401000000', '320401', '市辖区');
INSERT INTO `area_code` VALUES ('320402000000', '320402', '天宁区');
INSERT INTO `area_code` VALUES ('320404000000', '320404', '钟楼区');
INSERT INTO `area_code` VALUES ('320405000000', '320405', '戚墅堰区');
INSERT INTO `area_code` VALUES ('320411000000', '320411', '新北区');
INSERT INTO `area_code` VALUES ('320412000000', '320412', '武进区');
INSERT INTO `area_code` VALUES ('320481000000', '320481', '溧阳市');
INSERT INTO `area_code` VALUES ('320482000000', '320482', '金坛市');
INSERT INTO `area_code` VALUES ('320500000000', '3205', '苏州市');
INSERT INTO `area_code` VALUES ('320501000000', '320501', '市辖区');
INSERT INTO `area_code` VALUES ('320502000000', '320502', '沧浪区');
INSERT INTO `area_code` VALUES ('320503000000', '320503', '平江区');
INSERT INTO `area_code` VALUES ('320504000000', '320504', '金阊区');
INSERT INTO `area_code` VALUES ('320505000000', '320505', '虎丘区');
INSERT INTO `area_code` VALUES ('320506000000', '320506', '吴中区');
INSERT INTO `area_code` VALUES ('320507000000', '320507', '相城区');
INSERT INTO `area_code` VALUES ('320581000000', '320581', '常熟市');
INSERT INTO `area_code` VALUES ('320582000000', '320582', '张家港市');
INSERT INTO `area_code` VALUES ('320583000000', '320583', '昆山市');
INSERT INTO `area_code` VALUES ('320584000000', '320584', '吴江市');
INSERT INTO `area_code` VALUES ('320585000000', '320585', '太仓市');
INSERT INTO `area_code` VALUES ('320600000000', '3206', '南通市');
INSERT INTO `area_code` VALUES ('320601000000', '320601', '市辖区');
INSERT INTO `area_code` VALUES ('320602000000', '320602', '崇川区');
INSERT INTO `area_code` VALUES ('320611000000', '320611', '港闸区');
INSERT INTO `area_code` VALUES ('320612000000', '320612', '通州区');
INSERT INTO `area_code` VALUES ('320621000000', '320621', '海安县');
INSERT INTO `area_code` VALUES ('320623000000', '320623', '如东县');
INSERT INTO `area_code` VALUES ('320681000000', '320681', '启东市');
INSERT INTO `area_code` VALUES ('320682000000', '320682', '如皋市');
INSERT INTO `area_code` VALUES ('320684000000', '320684', '海门市');
INSERT INTO `area_code` VALUES ('320700000000', '3207', '连云港市');
INSERT INTO `area_code` VALUES ('320701000000', '320701', '市辖区');
INSERT INTO `area_code` VALUES ('320703000000', '320703', '连云区');
INSERT INTO `area_code` VALUES ('320705000000', '320705', '新浦区');
INSERT INTO `area_code` VALUES ('320706000000', '320706', '海州区');
INSERT INTO `area_code` VALUES ('320721000000', '320721', '赣榆县');
INSERT INTO `area_code` VALUES ('320722000000', '320722', '东海县');
INSERT INTO `area_code` VALUES ('320723000000', '320723', '灌云县');
INSERT INTO `area_code` VALUES ('320724000000', '320724', '灌南县');
INSERT INTO `area_code` VALUES ('320800000000', '3208', '淮安市');
INSERT INTO `area_code` VALUES ('320801000000', '320801', '市辖区');
INSERT INTO `area_code` VALUES ('320802000000', '320802', '清河区');
INSERT INTO `area_code` VALUES ('320803000000', '320803', '楚州区');
INSERT INTO `area_code` VALUES ('320804000000', '320804', '淮阴区');
INSERT INTO `area_code` VALUES ('320811000000', '320811', '清浦区');
INSERT INTO `area_code` VALUES ('320826000000', '320826', '涟水县');
INSERT INTO `area_code` VALUES ('320829000000', '320829', '洪泽县');
INSERT INTO `area_code` VALUES ('320830000000', '320830', '盱眙县');
INSERT INTO `area_code` VALUES ('320831000000', '320831', '金湖县');
INSERT INTO `area_code` VALUES ('320900000000', '3209', '盐城市');
INSERT INTO `area_code` VALUES ('320901000000', '320901', '市辖区');
INSERT INTO `area_code` VALUES ('320902000000', '320902', '亭湖区');
INSERT INTO `area_code` VALUES ('320903000000', '320903', '盐都区');
INSERT INTO `area_code` VALUES ('320921000000', '320921', '响水县');
INSERT INTO `area_code` VALUES ('320922000000', '320922', '滨海县');
INSERT INTO `area_code` VALUES ('320923000000', '320923', '阜宁县');
INSERT INTO `area_code` VALUES ('320924000000', '320924', '射阳县');
INSERT INTO `area_code` VALUES ('320925000000', '320925', '建湖县');
INSERT INTO `area_code` VALUES ('320981000000', '320981', '东台市');
INSERT INTO `area_code` VALUES ('320982000000', '320982', '大丰市');
INSERT INTO `area_code` VALUES ('321000000000', '3210', '扬州市');
INSERT INTO `area_code` VALUES ('321001000000', '321001', '市辖区');
INSERT INTO `area_code` VALUES ('321002000000', '321002', '广陵区');
INSERT INTO `area_code` VALUES ('321003000000', '321003', '邗江区');
INSERT INTO `area_code` VALUES ('321011000000', '321011', '维扬区');
INSERT INTO `area_code` VALUES ('321023000000', '321023', '宝应县');
INSERT INTO `area_code` VALUES ('321081000000', '321081', '仪征市');
INSERT INTO `area_code` VALUES ('321084000000', '321084', '高邮市');
INSERT INTO `area_code` VALUES ('321088000000', '321088', '江都市');
INSERT INTO `area_code` VALUES ('321100000000', '3211', '镇江市');
INSERT INTO `area_code` VALUES ('321101000000', '321101', '市辖区');
INSERT INTO `area_code` VALUES ('321102000000', '321102', '京口区');
INSERT INTO `area_code` VALUES ('321111000000', '321111', '润州区');
INSERT INTO `area_code` VALUES ('321112000000', '321112', '丹徒区');
INSERT INTO `area_code` VALUES ('321181000000', '321181', '丹阳市');
INSERT INTO `area_code` VALUES ('321182000000', '321182', '扬中市');
INSERT INTO `area_code` VALUES ('321183000000', '321183', '句容市');
INSERT INTO `area_code` VALUES ('321200000000', '3212', '泰州市');
INSERT INTO `area_code` VALUES ('321201000000', '321201', '市辖区');
INSERT INTO `area_code` VALUES ('321202000000', '321202', '海陵区');
INSERT INTO `area_code` VALUES ('321203000000', '321203', '高港区');
INSERT INTO `area_code` VALUES ('321281000000', '321281', '兴化市');
INSERT INTO `area_code` VALUES ('321282000000', '321282', '靖江市');
INSERT INTO `area_code` VALUES ('321283000000', '321283', '泰兴市');
INSERT INTO `area_code` VALUES ('321284000000', '321284', '姜堰市');
INSERT INTO `area_code` VALUES ('321300000000', '3213', '宿迁市');
INSERT INTO `area_code` VALUES ('321301000000', '321301', '市辖区');
INSERT INTO `area_code` VALUES ('321302000000', '321302', '宿城区');
INSERT INTO `area_code` VALUES ('321311000000', '321311', '宿豫区');
INSERT INTO `area_code` VALUES ('321322000000', '321322', '沭阳县');
INSERT INTO `area_code` VALUES ('321323000000', '321323', '泗阳县');
INSERT INTO `area_code` VALUES ('321324000000', '321324', '泗洪县');
INSERT INTO `area_code` VALUES ('330000000000', '33', '浙江省');
INSERT INTO `area_code` VALUES ('330100000000', '3301', '杭州市');
INSERT INTO `area_code` VALUES ('330101000000', '330101', '市辖区');
INSERT INTO `area_code` VALUES ('330102000000', '330102', '上城区');
INSERT INTO `area_code` VALUES ('330103000000', '330103', '下城区');
INSERT INTO `area_code` VALUES ('330104000000', '330104', '江干区');
INSERT INTO `area_code` VALUES ('330105000000', '330105', '拱墅区');
INSERT INTO `area_code` VALUES ('330106000000', '330106', '西湖区');
INSERT INTO `area_code` VALUES ('330108000000', '330108', '滨江区');
INSERT INTO `area_code` VALUES ('330109000000', '330109', '萧山区');
INSERT INTO `area_code` VALUES ('330110000000', '330110', '余杭区');
INSERT INTO `area_code` VALUES ('330122000000', '330122', '桐庐县');
INSERT INTO `area_code` VALUES ('330127000000', '330127', '淳安县');
INSERT INTO `area_code` VALUES ('330182000000', '330182', '建德市');
INSERT INTO `area_code` VALUES ('330183000000', '330183', '富阳市');
INSERT INTO `area_code` VALUES ('330185000000', '330185', '临安市');
INSERT INTO `area_code` VALUES ('330200000000', '3302', '宁波市');
INSERT INTO `area_code` VALUES ('330201000000', '330201', '市辖区');
INSERT INTO `area_code` VALUES ('330203000000', '330203', '海曙区');
INSERT INTO `area_code` VALUES ('330204000000', '330204', '江东区');
INSERT INTO `area_code` VALUES ('330205000000', '330205', '江北区');
INSERT INTO `area_code` VALUES ('330206000000', '330206', '北仑区');
INSERT INTO `area_code` VALUES ('330211000000', '330211', '镇海区');
INSERT INTO `area_code` VALUES ('330212000000', '330212', '鄞州区');
INSERT INTO `area_code` VALUES ('330225000000', '330225', '象山县');
INSERT INTO `area_code` VALUES ('330226000000', '330226', '宁海县');
INSERT INTO `area_code` VALUES ('330281000000', '330281', '余姚市');
INSERT INTO `area_code` VALUES ('330282000000', '330282', '慈溪市');
INSERT INTO `area_code` VALUES ('330283000000', '330283', '奉化市');
INSERT INTO `area_code` VALUES ('330300000000', '3303', '温州市');
INSERT INTO `area_code` VALUES ('330301000000', '330301', '市辖区');
INSERT INTO `area_code` VALUES ('330302000000', '330302', '鹿城区');
INSERT INTO `area_code` VALUES ('330303000000', '330303', '龙湾区');
INSERT INTO `area_code` VALUES ('330304000000', '330304', '瓯海区');
INSERT INTO `area_code` VALUES ('330322000000', '330322', '洞头县');
INSERT INTO `area_code` VALUES ('330324000000', '330324', '永嘉县');
INSERT INTO `area_code` VALUES ('330326000000', '330326', '平阳县');
INSERT INTO `area_code` VALUES ('330327000000', '330327', '苍南县');
INSERT INTO `area_code` VALUES ('330328000000', '330328', '文成县');
INSERT INTO `area_code` VALUES ('330329000000', '330329', '泰顺县');
INSERT INTO `area_code` VALUES ('330381000000', '330381', '瑞安市');
INSERT INTO `area_code` VALUES ('330382000000', '330382', '乐清市');
INSERT INTO `area_code` VALUES ('330400000000', '3304', '嘉兴市');
INSERT INTO `area_code` VALUES ('330401000000', '330401', '市辖区');
INSERT INTO `area_code` VALUES ('330402000000', '330402', '南湖区');
INSERT INTO `area_code` VALUES ('330411000000', '330411', '秀洲区');
INSERT INTO `area_code` VALUES ('330421000000', '330421', '嘉善县');
INSERT INTO `area_code` VALUES ('330424000000', '330424', '海盐县');
INSERT INTO `area_code` VALUES ('330481000000', '330481', '海宁市');
INSERT INTO `area_code` VALUES ('330482000000', '330482', '平湖市');
INSERT INTO `area_code` VALUES ('330483000000', '330483', '桐乡市');
INSERT INTO `area_code` VALUES ('330500000000', '3305', '湖州市');
INSERT INTO `area_code` VALUES ('330501000000', '330501', '市辖区');
INSERT INTO `area_code` VALUES ('330502000000', '330502', '吴兴区');
INSERT INTO `area_code` VALUES ('330503000000', '330503', '南浔区');
INSERT INTO `area_code` VALUES ('330521000000', '330521', '德清县');
INSERT INTO `area_code` VALUES ('330522000000', '330522', '长兴县');
INSERT INTO `area_code` VALUES ('330523000000', '330523', '安吉县');
INSERT INTO `area_code` VALUES ('330600000000', '3306', '绍兴市');
INSERT INTO `area_code` VALUES ('330601000000', '330601', '市辖区');
INSERT INTO `area_code` VALUES ('330602000000', '330602', '越城区');
INSERT INTO `area_code` VALUES ('330621000000', '330621', '绍兴县');
INSERT INTO `area_code` VALUES ('330624000000', '330624', '新昌县');
INSERT INTO `area_code` VALUES ('330681000000', '330681', '诸暨市');
INSERT INTO `area_code` VALUES ('330682000000', '330682', '上虞市');
INSERT INTO `area_code` VALUES ('330683000000', '330683', '嵊州市');
INSERT INTO `area_code` VALUES ('330700000000', '3307', '金华市');
INSERT INTO `area_code` VALUES ('330701000000', '330701', '市辖区');
INSERT INTO `area_code` VALUES ('330702000000', '330702', '婺城区');
INSERT INTO `area_code` VALUES ('330703000000', '330703', '金东区');
INSERT INTO `area_code` VALUES ('330723000000', '330723', '武义县');
INSERT INTO `area_code` VALUES ('330726000000', '330726', '浦江县');
INSERT INTO `area_code` VALUES ('330727000000', '330727', '磐安县');
INSERT INTO `area_code` VALUES ('330781000000', '330781', '兰溪市');
INSERT INTO `area_code` VALUES ('330782000000', '330782', '义乌市');
INSERT INTO `area_code` VALUES ('330783000000', '330783', '东阳市');
INSERT INTO `area_code` VALUES ('330784000000', '330784', '永康市');
INSERT INTO `area_code` VALUES ('330800000000', '3308', '衢州市');
INSERT INTO `area_code` VALUES ('330801000000', '330801', '市辖区');
INSERT INTO `area_code` VALUES ('330802000000', '330802', '柯城区');
INSERT INTO `area_code` VALUES ('330803000000', '330803', '衢江区');
INSERT INTO `area_code` VALUES ('330822000000', '330822', '常山县');
INSERT INTO `area_code` VALUES ('330824000000', '330824', '开化县');
INSERT INTO `area_code` VALUES ('330825000000', '330825', '龙游县');
INSERT INTO `area_code` VALUES ('330881000000', '330881', '江山市');
INSERT INTO `area_code` VALUES ('330900000000', '3309', '舟山市');
INSERT INTO `area_code` VALUES ('330901000000', '330901', '市辖区');
INSERT INTO `area_code` VALUES ('330902000000', '330902', '定海区');
INSERT INTO `area_code` VALUES ('330903000000', '330903', '普陀区');
INSERT INTO `area_code` VALUES ('330921000000', '330921', '岱山县');
INSERT INTO `area_code` VALUES ('330922000000', '330922', '嵊泗县');
INSERT INTO `area_code` VALUES ('331000000000', '3310', '台州市');
INSERT INTO `area_code` VALUES ('331001000000', '331001', '市辖区');
INSERT INTO `area_code` VALUES ('331002000000', '331002', '椒江区');
INSERT INTO `area_code` VALUES ('331003000000', '331003', '黄岩区');
INSERT INTO `area_code` VALUES ('331004000000', '331004', '路桥区');
INSERT INTO `area_code` VALUES ('331021000000', '331021', '玉环县');
INSERT INTO `area_code` VALUES ('331022000000', '331022', '三门县');
INSERT INTO `area_code` VALUES ('331023000000', '331023', '天台县');
INSERT INTO `area_code` VALUES ('331024000000', '331024', '仙居县');
INSERT INTO `area_code` VALUES ('331081000000', '331081', '温岭市');
INSERT INTO `area_code` VALUES ('331082000000', '331082', '临海市');
INSERT INTO `area_code` VALUES ('331100000000', '3311', '丽水市');
INSERT INTO `area_code` VALUES ('331101000000', '331101', '市辖区');
INSERT INTO `area_code` VALUES ('331102000000', '331102', '莲都区');
INSERT INTO `area_code` VALUES ('331121000000', '331121', '青田县');
INSERT INTO `area_code` VALUES ('331122000000', '331122', '缙云县');
INSERT INTO `area_code` VALUES ('331123000000', '331123', '遂昌县');
INSERT INTO `area_code` VALUES ('331124000000', '331124', '松阳县');
INSERT INTO `area_code` VALUES ('331125000000', '331125', '云和县');
INSERT INTO `area_code` VALUES ('331126000000', '331126', '庆元县');
INSERT INTO `area_code` VALUES ('331127000000', '331127', '景宁畲族自治县');
INSERT INTO `area_code` VALUES ('331181000000', '331181', '龙泉市');
INSERT INTO `area_code` VALUES ('340000000000', '34', '安徽省');
INSERT INTO `area_code` VALUES ('340100000000', '3401', '合肥市');
INSERT INTO `area_code` VALUES ('340101000000', '340101', '市辖区');
INSERT INTO `area_code` VALUES ('340102000000', '340102', '瑶海区');
INSERT INTO `area_code` VALUES ('340103000000', '340103', '庐阳区');
INSERT INTO `area_code` VALUES ('340104000000', '340104', '蜀山区');
INSERT INTO `area_code` VALUES ('340111000000', '340111', '包河区');
INSERT INTO `area_code` VALUES ('340121000000', '340121', '长丰县');
INSERT INTO `area_code` VALUES ('340122000000', '340122', '肥东县');
INSERT INTO `area_code` VALUES ('340123000000', '340123', '肥西县');
INSERT INTO `area_code` VALUES ('340200000000', '3402', '芜湖市');
INSERT INTO `area_code` VALUES ('340201000000', '340201', '市辖区');
INSERT INTO `area_code` VALUES ('340202000000', '340202', '镜湖区');
INSERT INTO `area_code` VALUES ('340203000000', '340203', '弋江区');
INSERT INTO `area_code` VALUES ('340207000000', '340207', '鸠江区');
INSERT INTO `area_code` VALUES ('340208000000', '340208', '三山区');
INSERT INTO `area_code` VALUES ('340221000000', '340221', '芜湖县');
INSERT INTO `area_code` VALUES ('340222000000', '340222', '繁昌县');
INSERT INTO `area_code` VALUES ('340223000000', '340223', '南陵县');
INSERT INTO `area_code` VALUES ('340300000000', '3403', '蚌埠市');
INSERT INTO `area_code` VALUES ('340301000000', '340301', '市辖区');
INSERT INTO `area_code` VALUES ('340302000000', '340302', '龙子湖区');
INSERT INTO `area_code` VALUES ('340303000000', '340303', '蚌山区');
INSERT INTO `area_code` VALUES ('340304000000', '340304', '禹会区');
INSERT INTO `area_code` VALUES ('340311000000', '340311', '淮上区');
INSERT INTO `area_code` VALUES ('340321000000', '340321', '怀远县');
INSERT INTO `area_code` VALUES ('340322000000', '340322', '五河县');
INSERT INTO `area_code` VALUES ('340323000000', '340323', '固镇县');
INSERT INTO `area_code` VALUES ('340400000000', '3404', '淮南市');
INSERT INTO `area_code` VALUES ('340401000000', '340401', '市辖区');
INSERT INTO `area_code` VALUES ('340402000000', '340402', '大通区');
INSERT INTO `area_code` VALUES ('340403000000', '340403', '田家庵区');
INSERT INTO `area_code` VALUES ('340404000000', '340404', '谢家集区');
INSERT INTO `area_code` VALUES ('340405000000', '340405', '八公山区');
INSERT INTO `area_code` VALUES ('340406000000', '340406', '潘集区');
INSERT INTO `area_code` VALUES ('340421000000', '340421', '凤台县');
INSERT INTO `area_code` VALUES ('340500000000', '3405', '马鞍山市');
INSERT INTO `area_code` VALUES ('340501000000', '340501', '市辖区');
INSERT INTO `area_code` VALUES ('340502000000', '340502', '金家庄区');
INSERT INTO `area_code` VALUES ('340503000000', '340503', '花山区');
INSERT INTO `area_code` VALUES ('340504000000', '340504', '雨山区');
INSERT INTO `area_code` VALUES ('340521000000', '340521', '当涂县');
INSERT INTO `area_code` VALUES ('340600000000', '3406', '淮北市');
INSERT INTO `area_code` VALUES ('340601000000', '340601', '市辖区');
INSERT INTO `area_code` VALUES ('340602000000', '340602', '杜集区');
INSERT INTO `area_code` VALUES ('340603000000', '340603', '相山区');
INSERT INTO `area_code` VALUES ('340604000000', '340604', '烈山区');
INSERT INTO `area_code` VALUES ('340621000000', '340621', '濉溪县');
INSERT INTO `area_code` VALUES ('340700000000', '3407', '铜陵市');
INSERT INTO `area_code` VALUES ('340701000000', '340701', '市辖区');
INSERT INTO `area_code` VALUES ('340702000000', '340702', '铜官山区');
INSERT INTO `area_code` VALUES ('340703000000', '340703', '狮子山区');
INSERT INTO `area_code` VALUES ('340711000000', '340711', '郊区');
INSERT INTO `area_code` VALUES ('340721000000', '340721', '铜陵县');
INSERT INTO `area_code` VALUES ('340800000000', '3408', '安庆市');
INSERT INTO `area_code` VALUES ('340801000000', '340801', '市辖区');
INSERT INTO `area_code` VALUES ('340802000000', '340802', '迎江区');
INSERT INTO `area_code` VALUES ('340803000000', '340803', '大观区');
INSERT INTO `area_code` VALUES ('340811000000', '340811', '宜秀区');
INSERT INTO `area_code` VALUES ('340822000000', '340822', '怀宁县');
INSERT INTO `area_code` VALUES ('340823000000', '340823', '枞阳县');
INSERT INTO `area_code` VALUES ('340824000000', '340824', '潜山县');
INSERT INTO `area_code` VALUES ('340825000000', '340825', '太湖县');
INSERT INTO `area_code` VALUES ('340826000000', '340826', '宿松县');
INSERT INTO `area_code` VALUES ('340827000000', '340827', '望江县');
INSERT INTO `area_code` VALUES ('340828000000', '340828', '岳西县');
INSERT INTO `area_code` VALUES ('340881000000', '340881', '桐城市');
INSERT INTO `area_code` VALUES ('341000000000', '3410', '黄山市');
INSERT INTO `area_code` VALUES ('341001000000', '341001', '市辖区');
INSERT INTO `area_code` VALUES ('341002000000', '341002', '屯溪区');
INSERT INTO `area_code` VALUES ('341003000000', '341003', '黄山区');
INSERT INTO `area_code` VALUES ('341004000000', '341004', '徽州区');
INSERT INTO `area_code` VALUES ('341021000000', '341021', '歙县');
INSERT INTO `area_code` VALUES ('341022000000', '341022', '休宁县');
INSERT INTO `area_code` VALUES ('341023000000', '341023', '黟县');
INSERT INTO `area_code` VALUES ('341024000000', '341024', '祁门县');
INSERT INTO `area_code` VALUES ('341100000000', '3411', '滁州市');
INSERT INTO `area_code` VALUES ('341101000000', '341101', '市辖区');
INSERT INTO `area_code` VALUES ('341102000000', '341102', '琅琊区');
INSERT INTO `area_code` VALUES ('341103000000', '341103', '南谯区');
INSERT INTO `area_code` VALUES ('341122000000', '341122', '来安县');
INSERT INTO `area_code` VALUES ('341124000000', '341124', '全椒县');
INSERT INTO `area_code` VALUES ('341125000000', '341125', '定远县');
INSERT INTO `area_code` VALUES ('341126000000', '341126', '凤阳县');
INSERT INTO `area_code` VALUES ('341181000000', '341181', '天长市');
INSERT INTO `area_code` VALUES ('341182000000', '341182', '明光市');
INSERT INTO `area_code` VALUES ('341200000000', '3412', '阜阳市');
INSERT INTO `area_code` VALUES ('341201000000', '341201', '市辖区');
INSERT INTO `area_code` VALUES ('341202000000', '341202', '颍州区');
INSERT INTO `area_code` VALUES ('341203000000', '341203', '颍东区');
INSERT INTO `area_code` VALUES ('341204000000', '341204', '颍泉区');
INSERT INTO `area_code` VALUES ('341221000000', '341221', '临泉县');
INSERT INTO `area_code` VALUES ('341222000000', '341222', '太和县');
INSERT INTO `area_code` VALUES ('341225000000', '341225', '阜南县');
INSERT INTO `area_code` VALUES ('341226000000', '341226', '颍上县');
INSERT INTO `area_code` VALUES ('341282000000', '341282', '界首市');
INSERT INTO `area_code` VALUES ('341300000000', '3413', '宿州市');
INSERT INTO `area_code` VALUES ('341301000000', '341301', '市辖区');
INSERT INTO `area_code` VALUES ('341302000000', '341302', '埇桥区');
INSERT INTO `area_code` VALUES ('341321000000', '341321', '砀山县');
INSERT INTO `area_code` VALUES ('341322000000', '341322', '萧县');
INSERT INTO `area_code` VALUES ('341323000000', '341323', '灵璧县');
INSERT INTO `area_code` VALUES ('341324000000', '341324', '泗县');
INSERT INTO `area_code` VALUES ('341400000000', '3414', '巢湖市');
INSERT INTO `area_code` VALUES ('341401000000', '341401', '市辖区');
INSERT INTO `area_code` VALUES ('341402000000', '341402', '居巢区');
INSERT INTO `area_code` VALUES ('341421000000', '341421', '庐江县');
INSERT INTO `area_code` VALUES ('341422000000', '341422', '无为县');
INSERT INTO `area_code` VALUES ('341423000000', '341423', '含山县');
INSERT INTO `area_code` VALUES ('341424000000', '341424', '和县');
INSERT INTO `area_code` VALUES ('341500000000', '3415', '六安市');
INSERT INTO `area_code` VALUES ('341501000000', '341501', '市辖区');
INSERT INTO `area_code` VALUES ('341502000000', '341502', '金安区');
INSERT INTO `area_code` VALUES ('341503000000', '341503', '裕安区');
INSERT INTO `area_code` VALUES ('341521000000', '341521', '寿县');
INSERT INTO `area_code` VALUES ('341522000000', '341522', '霍邱县');
INSERT INTO `area_code` VALUES ('341523000000', '341523', '舒城县');
INSERT INTO `area_code` VALUES ('341524000000', '341524', '金寨县');
INSERT INTO `area_code` VALUES ('341525000000', '341525', '霍山县');
INSERT INTO `area_code` VALUES ('341600000000', '3416', '亳州市');
INSERT INTO `area_code` VALUES ('341601000000', '341601', '市辖区');
INSERT INTO `area_code` VALUES ('341602000000', '341602', '谯城区');
INSERT INTO `area_code` VALUES ('341621000000', '341621', '涡阳县');
INSERT INTO `area_code` VALUES ('341622000000', '341622', '蒙城县');
INSERT INTO `area_code` VALUES ('341623000000', '341623', '利辛县');
INSERT INTO `area_code` VALUES ('341700000000', '3417', '池州市');
INSERT INTO `area_code` VALUES ('341701000000', '341701', '市辖区');
INSERT INTO `area_code` VALUES ('341702000000', '341702', '贵池区');
INSERT INTO `area_code` VALUES ('341721000000', '341721', '东至县');
INSERT INTO `area_code` VALUES ('341722000000', '341722', '石台县');
INSERT INTO `area_code` VALUES ('341723000000', '341723', '青阳县');
INSERT INTO `area_code` VALUES ('341800000000', '3418', '宣城市');
INSERT INTO `area_code` VALUES ('341801000000', '341801', '市辖区');
INSERT INTO `area_code` VALUES ('341802000000', '341802', '宣州区');
INSERT INTO `area_code` VALUES ('341821000000', '341821', '郎溪县');
INSERT INTO `area_code` VALUES ('341822000000', '341822', '广德县');
INSERT INTO `area_code` VALUES ('341823000000', '341823', '泾县');
INSERT INTO `area_code` VALUES ('341824000000', '341824', '绩溪县');
INSERT INTO `area_code` VALUES ('341825000000', '341825', '旌德县');
INSERT INTO `area_code` VALUES ('341881000000', '341881', '宁国市');
INSERT INTO `area_code` VALUES ('350000000000', '35', '福建省');
INSERT INTO `area_code` VALUES ('350100000000', '3501', '福州市');
INSERT INTO `area_code` VALUES ('350101000000', '350101', '市辖区');
INSERT INTO `area_code` VALUES ('350102000000', '350102', '鼓楼区');
INSERT INTO `area_code` VALUES ('350103000000', '350103', '台江区');
INSERT INTO `area_code` VALUES ('350104000000', '350104', '仓山区');
INSERT INTO `area_code` VALUES ('350105000000', '350105', '马尾区');
INSERT INTO `area_code` VALUES ('350111000000', '350111', '晋安区');
INSERT INTO `area_code` VALUES ('350121000000', '350121', '闽侯县');
INSERT INTO `area_code` VALUES ('350122000000', '350122', '连江县');
INSERT INTO `area_code` VALUES ('350123000000', '350123', '罗源县');
INSERT INTO `area_code` VALUES ('350124000000', '350124', '闽清县');
INSERT INTO `area_code` VALUES ('350125000000', '350125', '永泰县');
INSERT INTO `area_code` VALUES ('350128000000', '350128', '平潭县');
INSERT INTO `area_code` VALUES ('350181000000', '350181', '福清市');
INSERT INTO `area_code` VALUES ('350182000000', '350182', '长乐市');
INSERT INTO `area_code` VALUES ('350200000000', '3502', '厦门市');
INSERT INTO `area_code` VALUES ('350201000000', '350201', '市辖区');
INSERT INTO `area_code` VALUES ('350203000000', '350203', '思明区');
INSERT INTO `area_code` VALUES ('350205000000', '350205', '海沧区');
INSERT INTO `area_code` VALUES ('350206000000', '350206', '湖里区');
INSERT INTO `area_code` VALUES ('350211000000', '350211', '集美区');
INSERT INTO `area_code` VALUES ('350212000000', '350212', '同安区');
INSERT INTO `area_code` VALUES ('350213000000', '350213', '翔安区');
INSERT INTO `area_code` VALUES ('350300000000', '3503', '莆田市');
INSERT INTO `area_code` VALUES ('350301000000', '350301', '市辖区');
INSERT INTO `area_code` VALUES ('350302000000', '350302', '城厢区');
INSERT INTO `area_code` VALUES ('350303000000', '350303', '涵江区');
INSERT INTO `area_code` VALUES ('350304000000', '350304', '荔城区');
INSERT INTO `area_code` VALUES ('350305000000', '350305', '秀屿区');
INSERT INTO `area_code` VALUES ('350322000000', '350322', '仙游县');
INSERT INTO `area_code` VALUES ('350400000000', '3504', '三明市');
INSERT INTO `area_code` VALUES ('350401000000', '350401', '市辖区');
INSERT INTO `area_code` VALUES ('350402000000', '350402', '梅列区');
INSERT INTO `area_code` VALUES ('350403000000', '350403', '三元区');
INSERT INTO `area_code` VALUES ('350421000000', '350421', '明溪县');
INSERT INTO `area_code` VALUES ('350423000000', '350423', '清流县');
INSERT INTO `area_code` VALUES ('350424000000', '350424', '宁化县');
INSERT INTO `area_code` VALUES ('350425000000', '350425', '大田县');
INSERT INTO `area_code` VALUES ('350426000000', '350426', '尤溪县');
INSERT INTO `area_code` VALUES ('350427000000', '350427', '沙县');
INSERT INTO `area_code` VALUES ('350428000000', '350428', '将乐县');
INSERT INTO `area_code` VALUES ('350429000000', '350429', '泰宁县');
INSERT INTO `area_code` VALUES ('350430000000', '350430', '建宁县');
INSERT INTO `area_code` VALUES ('350481000000', '350481', '永安市');
INSERT INTO `area_code` VALUES ('350500000000', '3505', '泉州市');
INSERT INTO `area_code` VALUES ('350501000000', '350501', '市辖区');
INSERT INTO `area_code` VALUES ('350502000000', '350502', '鲤城区');
INSERT INTO `area_code` VALUES ('350503000000', '350503', '丰泽区');
INSERT INTO `area_code` VALUES ('350504000000', '350504', '洛江区');
INSERT INTO `area_code` VALUES ('350505000000', '350505', '泉港区');
INSERT INTO `area_code` VALUES ('350521000000', '350521', '惠安县');
INSERT INTO `area_code` VALUES ('350524000000', '350524', '安溪县');
INSERT INTO `area_code` VALUES ('350525000000', '350525', '永春县');
INSERT INTO `area_code` VALUES ('350526000000', '350526', '德化县');
INSERT INTO `area_code` VALUES ('350527000000', '350527', '金门县');
INSERT INTO `area_code` VALUES ('350581000000', '350581', '石狮市');
INSERT INTO `area_code` VALUES ('350582000000', '350582', '晋江市');
INSERT INTO `area_code` VALUES ('350583000000', '350583', '南安市');
INSERT INTO `area_code` VALUES ('350600000000', '3506', '漳州市');
INSERT INTO `area_code` VALUES ('350601000000', '350601', '市辖区');
INSERT INTO `area_code` VALUES ('350602000000', '350602', '芗城区');
INSERT INTO `area_code` VALUES ('350603000000', '350603', '龙文区');
INSERT INTO `area_code` VALUES ('350622000000', '350622', '云霄县');
INSERT INTO `area_code` VALUES ('350623000000', '350623', '漳浦县');
INSERT INTO `area_code` VALUES ('350624000000', '350624', '诏安县');
INSERT INTO `area_code` VALUES ('350625000000', '350625', '长泰县');
INSERT INTO `area_code` VALUES ('350626000000', '350626', '东山县');
INSERT INTO `area_code` VALUES ('350627000000', '350627', '南靖县');
INSERT INTO `area_code` VALUES ('350628000000', '350628', '平和县');
INSERT INTO `area_code` VALUES ('350629000000', '350629', '华安县');
INSERT INTO `area_code` VALUES ('350681000000', '350681', '龙海市');
INSERT INTO `area_code` VALUES ('350700000000', '3507', '南平市');
INSERT INTO `area_code` VALUES ('350701000000', '350701', '市辖区');
INSERT INTO `area_code` VALUES ('350702000000', '350702', '延平区');
INSERT INTO `area_code` VALUES ('350721000000', '350721', '顺昌县');
INSERT INTO `area_code` VALUES ('350722000000', '350722', '浦城县');
INSERT INTO `area_code` VALUES ('350723000000', '350723', '光泽县');
INSERT INTO `area_code` VALUES ('350724000000', '350724', '松溪县');
INSERT INTO `area_code` VALUES ('350725000000', '350725', '政和县');
INSERT INTO `area_code` VALUES ('350781000000', '350781', '邵武市');
INSERT INTO `area_code` VALUES ('350782000000', '350782', '武夷山市');
INSERT INTO `area_code` VALUES ('350783000000', '350783', '建瓯市');
INSERT INTO `area_code` VALUES ('350784000000', '350784', '建阳市');
INSERT INTO `area_code` VALUES ('350800000000', '3508', '龙岩市');
INSERT INTO `area_code` VALUES ('350801000000', '350801', '市辖区');
INSERT INTO `area_code` VALUES ('350802000000', '350802', '新罗区');
INSERT INTO `area_code` VALUES ('350821000000', '350821', '长汀县');
INSERT INTO `area_code` VALUES ('350822000000', '350822', '永定县');
INSERT INTO `area_code` VALUES ('350823000000', '350823', '上杭县');
INSERT INTO `area_code` VALUES ('350824000000', '350824', '武平县');
INSERT INTO `area_code` VALUES ('350825000000', '350825', '连城县');
INSERT INTO `area_code` VALUES ('350881000000', '350881', '漳平市');
INSERT INTO `area_code` VALUES ('350900000000', '3509', '宁德市');
INSERT INTO `area_code` VALUES ('350901000000', '350901', '市辖区');
INSERT INTO `area_code` VALUES ('350902000000', '350902', '蕉城区');
INSERT INTO `area_code` VALUES ('350921000000', '350921', '霞浦县');
INSERT INTO `area_code` VALUES ('350922000000', '350922', '古田县');
INSERT INTO `area_code` VALUES ('350923000000', '350923', '屏南县');
INSERT INTO `area_code` VALUES ('350924000000', '350924', '寿宁县');
INSERT INTO `area_code` VALUES ('350925000000', '350925', '周宁县');
INSERT INTO `area_code` VALUES ('350926000000', '350926', '柘荣县');
INSERT INTO `area_code` VALUES ('350981000000', '350981', '福安市');
INSERT INTO `area_code` VALUES ('350982000000', '350982', '福鼎市');
INSERT INTO `area_code` VALUES ('360000000000', '36', '江西省');
INSERT INTO `area_code` VALUES ('360100000000', '3601', '南昌市');
INSERT INTO `area_code` VALUES ('360101000000', '360101', '市辖区');
INSERT INTO `area_code` VALUES ('360102000000', '360102', '东湖区');
INSERT INTO `area_code` VALUES ('360103000000', '360103', '西湖区');
INSERT INTO `area_code` VALUES ('360104000000', '360104', '青云谱区');
INSERT INTO `area_code` VALUES ('360105000000', '360105', '湾里区');
INSERT INTO `area_code` VALUES ('360111000000', '360111', '青山湖区');
INSERT INTO `area_code` VALUES ('360121000000', '360121', '南昌县');
INSERT INTO `area_code` VALUES ('360122000000', '360122', '新建县');
INSERT INTO `area_code` VALUES ('360123000000', '360123', '安义县');
INSERT INTO `area_code` VALUES ('360124000000', '360124', '进贤县');
INSERT INTO `area_code` VALUES ('360200000000', '3602', '景德镇市');
INSERT INTO `area_code` VALUES ('360201000000', '360201', '市辖区');
INSERT INTO `area_code` VALUES ('360202000000', '360202', '昌江区');
INSERT INTO `area_code` VALUES ('360203000000', '360203', '珠山区');
INSERT INTO `area_code` VALUES ('360222000000', '360222', '浮梁县');
INSERT INTO `area_code` VALUES ('360281000000', '360281', '乐平市');
INSERT INTO `area_code` VALUES ('360300000000', '3603', '萍乡市');
INSERT INTO `area_code` VALUES ('360301000000', '360301', '市辖区');
INSERT INTO `area_code` VALUES ('360302000000', '360302', '安源区');
INSERT INTO `area_code` VALUES ('360313000000', '360313', '湘东区');
INSERT INTO `area_code` VALUES ('360321000000', '360321', '莲花县');
INSERT INTO `area_code` VALUES ('360322000000', '360322', '上栗县');
INSERT INTO `area_code` VALUES ('360323000000', '360323', '芦溪县');
INSERT INTO `area_code` VALUES ('360400000000', '3604', '九江市');
INSERT INTO `area_code` VALUES ('360401000000', '360401', '市辖区');
INSERT INTO `area_code` VALUES ('360402000000', '360402', '庐山区');
INSERT INTO `area_code` VALUES ('360403000000', '360403', '浔阳区');
INSERT INTO `area_code` VALUES ('360421000000', '360421', '九江县');
INSERT INTO `area_code` VALUES ('360423000000', '360423', '武宁县');
INSERT INTO `area_code` VALUES ('360424000000', '360424', '修水县');
INSERT INTO `area_code` VALUES ('360425000000', '360425', '永修县');
INSERT INTO `area_code` VALUES ('360426000000', '360426', '德安县');
INSERT INTO `area_code` VALUES ('360427000000', '360427', '星子县');
INSERT INTO `area_code` VALUES ('360428000000', '360428', '都昌县');
INSERT INTO `area_code` VALUES ('360429000000', '360429', '湖口县');
INSERT INTO `area_code` VALUES ('360430000000', '360430', '彭泽县');
INSERT INTO `area_code` VALUES ('360481000000', '360481', '瑞昌市');
INSERT INTO `area_code` VALUES ('360500000000', '3605', '新余市');
INSERT INTO `area_code` VALUES ('360501000000', '360501', '市辖区');
INSERT INTO `area_code` VALUES ('360502000000', '360502', '渝水区');
INSERT INTO `area_code` VALUES ('360521000000', '360521', '分宜县');
INSERT INTO `area_code` VALUES ('360600000000', '3606', '鹰潭市');
INSERT INTO `area_code` VALUES ('360601000000', '360601', '市辖区');
INSERT INTO `area_code` VALUES ('360602000000', '360602', '月湖区');
INSERT INTO `area_code` VALUES ('360622000000', '360622', '余江县');
INSERT INTO `area_code` VALUES ('360681000000', '360681', '贵溪市');
INSERT INTO `area_code` VALUES ('360700000000', '3607', '赣州市');
INSERT INTO `area_code` VALUES ('360701000000', '360701', '市辖区');
INSERT INTO `area_code` VALUES ('360702000000', '360702', '章贡区');
INSERT INTO `area_code` VALUES ('360721000000', '360721', '赣县');
INSERT INTO `area_code` VALUES ('360722000000', '360722', '信丰县');
INSERT INTO `area_code` VALUES ('360723000000', '360723', '大余县');
INSERT INTO `area_code` VALUES ('360724000000', '360724', '上犹县');
INSERT INTO `area_code` VALUES ('360725000000', '360725', '崇义县');
INSERT INTO `area_code` VALUES ('360726000000', '360726', '安远县');
INSERT INTO `area_code` VALUES ('360727000000', '360727', '龙南县');
INSERT INTO `area_code` VALUES ('360728000000', '360728', '定南县');
INSERT INTO `area_code` VALUES ('360729000000', '360729', '全南县');
INSERT INTO `area_code` VALUES ('360730000000', '360730', '宁都县');
INSERT INTO `area_code` VALUES ('360731000000', '360731', '于都县');
INSERT INTO `area_code` VALUES ('360732000000', '360732', '兴国县');
INSERT INTO `area_code` VALUES ('360733000000', '360733', '会昌县');
INSERT INTO `area_code` VALUES ('360734000000', '360734', '寻乌县');
INSERT INTO `area_code` VALUES ('360735000000', '360735', '石城县');
INSERT INTO `area_code` VALUES ('360781000000', '360781', '瑞金市');
INSERT INTO `area_code` VALUES ('360782000000', '360782', '南康市');
INSERT INTO `area_code` VALUES ('360800000000', '3608', '吉安市');
INSERT INTO `area_code` VALUES ('360801000000', '360801', '市辖区');
INSERT INTO `area_code` VALUES ('360802000000', '360802', '吉州区');
INSERT INTO `area_code` VALUES ('360803000000', '360803', '青原区');
INSERT INTO `area_code` VALUES ('360821000000', '360821', '吉安县');
INSERT INTO `area_code` VALUES ('360822000000', '360822', '吉水县');
INSERT INTO `area_code` VALUES ('360823000000', '360823', '峡江县');
INSERT INTO `area_code` VALUES ('360824000000', '360824', '新干县');
INSERT INTO `area_code` VALUES ('360825000000', '360825', '永丰县');
INSERT INTO `area_code` VALUES ('360826000000', '360826', '泰和县');
INSERT INTO `area_code` VALUES ('360827000000', '360827', '遂川县');
INSERT INTO `area_code` VALUES ('360828000000', '360828', '万安县');
INSERT INTO `area_code` VALUES ('360829000000', '360829', '安福县');
INSERT INTO `area_code` VALUES ('360830000000', '360830', '永新县');
INSERT INTO `area_code` VALUES ('360881000000', '360881', '井冈山市');
INSERT INTO `area_code` VALUES ('360900000000', '3609', '宜春市');
INSERT INTO `area_code` VALUES ('360901000000', '360901', '市辖区');
INSERT INTO `area_code` VALUES ('360902000000', '360902', '袁州区');
INSERT INTO `area_code` VALUES ('360921000000', '360921', '奉新县');
INSERT INTO `area_code` VALUES ('360922000000', '360922', '万载县');
INSERT INTO `area_code` VALUES ('360923000000', '360923', '上高县');
INSERT INTO `area_code` VALUES ('360924000000', '360924', '宜丰县');
INSERT INTO `area_code` VALUES ('360925000000', '360925', '靖安县');
INSERT INTO `area_code` VALUES ('360926000000', '360926', '铜鼓县');
INSERT INTO `area_code` VALUES ('360981000000', '360981', '丰城市');
INSERT INTO `area_code` VALUES ('360982000000', '360982', '樟树市');
INSERT INTO `area_code` VALUES ('360983000000', '360983', '高安市');
INSERT INTO `area_code` VALUES ('361000000000', '3610', '抚州市');
INSERT INTO `area_code` VALUES ('361001000000', '361001', '市辖区');
INSERT INTO `area_code` VALUES ('361002000000', '361002', '临川区');
INSERT INTO `area_code` VALUES ('361021000000', '361021', '南城县');
INSERT INTO `area_code` VALUES ('361022000000', '361022', '黎川县');
INSERT INTO `area_code` VALUES ('361023000000', '361023', '南丰县');
INSERT INTO `area_code` VALUES ('361024000000', '361024', '崇仁县');
INSERT INTO `area_code` VALUES ('361025000000', '361025', '乐安县');
INSERT INTO `area_code` VALUES ('361026000000', '361026', '宜黄县');
INSERT INTO `area_code` VALUES ('361027000000', '361027', '金溪县');
INSERT INTO `area_code` VALUES ('361028000000', '361028', '资溪县');
INSERT INTO `area_code` VALUES ('361029000000', '361029', '东乡县');
INSERT INTO `area_code` VALUES ('361030000000', '361030', '广昌县');
INSERT INTO `area_code` VALUES ('361100000000', '3611', '上饶市');
INSERT INTO `area_code` VALUES ('361101000000', '361101', '市辖区');
INSERT INTO `area_code` VALUES ('361102000000', '361102', '信州区');
INSERT INTO `area_code` VALUES ('361121000000', '361121', '上饶县');
INSERT INTO `area_code` VALUES ('361122000000', '361122', '广丰县');
INSERT INTO `area_code` VALUES ('361123000000', '361123', '玉山县');
INSERT INTO `area_code` VALUES ('361124000000', '361124', '铅山县');
INSERT INTO `area_code` VALUES ('361125000000', '361125', '横峰县');
INSERT INTO `area_code` VALUES ('361126000000', '361126', '弋阳县');
INSERT INTO `area_code` VALUES ('361127000000', '361127', '余干县');
INSERT INTO `area_code` VALUES ('361128000000', '361128', '鄱阳县');
INSERT INTO `area_code` VALUES ('361129000000', '361129', '万年县');
INSERT INTO `area_code` VALUES ('361130000000', '361130', '婺源县');
INSERT INTO `area_code` VALUES ('361181000000', '361181', '德兴市');
INSERT INTO `area_code` VALUES ('370000000000', '37', '山东省');
INSERT INTO `area_code` VALUES ('370100000000', '3701', '济南市');
INSERT INTO `area_code` VALUES ('370101000000', '370101', '市辖区');
INSERT INTO `area_code` VALUES ('370102000000', '370102', '历下区');
INSERT INTO `area_code` VALUES ('370103000000', '370103', '市中区');
INSERT INTO `area_code` VALUES ('370104000000', '370104', '槐荫区');
INSERT INTO `area_code` VALUES ('370105000000', '370105', '天桥区');
INSERT INTO `area_code` VALUES ('370112000000', '370112', '历城区');
INSERT INTO `area_code` VALUES ('370113000000', '370113', '长清区');
INSERT INTO `area_code` VALUES ('370124000000', '370124', '平阴县');
INSERT INTO `area_code` VALUES ('370125000000', '370125', '济阳县');
INSERT INTO `area_code` VALUES ('370126000000', '370126', '商河县');
INSERT INTO `area_code` VALUES ('370181000000', '370181', '章丘市');
INSERT INTO `area_code` VALUES ('370200000000', '3702', '青岛市');
INSERT INTO `area_code` VALUES ('370201000000', '370201', '市辖区');
INSERT INTO `area_code` VALUES ('370202000000', '370202', '市南区');
INSERT INTO `area_code` VALUES ('370203000000', '370203', '市北区');
INSERT INTO `area_code` VALUES ('370205000000', '370205', '四方区');
INSERT INTO `area_code` VALUES ('370211000000', '370211', '黄岛区');
INSERT INTO `area_code` VALUES ('370212000000', '370212', '崂山区');
INSERT INTO `area_code` VALUES ('370213000000', '370213', '李沧区');
INSERT INTO `area_code` VALUES ('370214000000', '370214', '城阳区');
INSERT INTO `area_code` VALUES ('370281000000', '370281', '胶州市');
INSERT INTO `area_code` VALUES ('370282000000', '370282', '即墨市');
INSERT INTO `area_code` VALUES ('370283000000', '370283', '平度市');
INSERT INTO `area_code` VALUES ('370284000000', '370284', '胶南市');
INSERT INTO `area_code` VALUES ('370285000000', '370285', '莱西市');
INSERT INTO `area_code` VALUES ('370300000000', '3703', '淄博市');
INSERT INTO `area_code` VALUES ('370301000000', '370301', '市辖区');
INSERT INTO `area_code` VALUES ('370302000000', '370302', '淄川区');
INSERT INTO `area_code` VALUES ('370303000000', '370303', '张店区');
INSERT INTO `area_code` VALUES ('370304000000', '370304', '博山区');
INSERT INTO `area_code` VALUES ('370305000000', '370305', '临淄区');
INSERT INTO `area_code` VALUES ('370306000000', '370306', '周村区');
INSERT INTO `area_code` VALUES ('370321000000', '370321', '桓台县');
INSERT INTO `area_code` VALUES ('370322000000', '370322', '高青县');
INSERT INTO `area_code` VALUES ('370323000000', '370323', '沂源县');
INSERT INTO `area_code` VALUES ('370400000000', '3704', '枣庄市');
INSERT INTO `area_code` VALUES ('370401000000', '370401', '市辖区');
INSERT INTO `area_code` VALUES ('370402000000', '370402', '市中区');
INSERT INTO `area_code` VALUES ('370403000000', '370403', '薛城区');
INSERT INTO `area_code` VALUES ('370404000000', '370404', '峄城区');
INSERT INTO `area_code` VALUES ('370405000000', '370405', '台儿庄区');
INSERT INTO `area_code` VALUES ('370406000000', '370406', '山亭区');
INSERT INTO `area_code` VALUES ('370481000000', '370481', '滕州市');
INSERT INTO `area_code` VALUES ('370500000000', '3705', '东营市');
INSERT INTO `area_code` VALUES ('370501000000', '370501', '市辖区');
INSERT INTO `area_code` VALUES ('370502000000', '370502', '东营区');
INSERT INTO `area_code` VALUES ('370503000000', '370503', '河口区');
INSERT INTO `area_code` VALUES ('370521000000', '370521', '垦利县');
INSERT INTO `area_code` VALUES ('370522000000', '370522', '利津县');
INSERT INTO `area_code` VALUES ('370523000000', '370523', '广饶县');
INSERT INTO `area_code` VALUES ('370600000000', '3706', '烟台市');
INSERT INTO `area_code` VALUES ('370601000000', '370601', '市辖区');
INSERT INTO `area_code` VALUES ('370602000000', '370602', '芝罘区');
INSERT INTO `area_code` VALUES ('370611000000', '370611', '福山区');
INSERT INTO `area_code` VALUES ('370612000000', '370612', '牟平区');
INSERT INTO `area_code` VALUES ('370613000000', '370613', '莱山区');
INSERT INTO `area_code` VALUES ('370634000000', '370634', '长岛县');
INSERT INTO `area_code` VALUES ('370681000000', '370681', '龙口市');
INSERT INTO `area_code` VALUES ('370682000000', '370682', '莱阳市');
INSERT INTO `area_code` VALUES ('370683000000', '370683', '莱州市');
INSERT INTO `area_code` VALUES ('370684000000', '370684', '蓬莱市');
INSERT INTO `area_code` VALUES ('370685000000', '370685', '招远市');
INSERT INTO `area_code` VALUES ('370686000000', '370686', '栖霞市');
INSERT INTO `area_code` VALUES ('370687000000', '370687', '海阳市');
INSERT INTO `area_code` VALUES ('370700000000', '3707', '潍坊市');
INSERT INTO `area_code` VALUES ('370701000000', '370701', '市辖区');
INSERT INTO `area_code` VALUES ('370702000000', '370702', '潍城区');
INSERT INTO `area_code` VALUES ('370703000000', '370703', '寒亭区');
INSERT INTO `area_code` VALUES ('370704000000', '370704', '坊子区');
INSERT INTO `area_code` VALUES ('370705000000', '370705', '奎文区');
INSERT INTO `area_code` VALUES ('370724000000', '370724', '临朐县');
INSERT INTO `area_code` VALUES ('370725000000', '370725', '昌乐县');
INSERT INTO `area_code` VALUES ('370781000000', '370781', '青州市');
INSERT INTO `area_code` VALUES ('370782000000', '370782', '诸城市');
INSERT INTO `area_code` VALUES ('370783000000', '370783', '寿光市');
INSERT INTO `area_code` VALUES ('370784000000', '370784', '安丘市');
INSERT INTO `area_code` VALUES ('370785000000', '370785', '高密市');
INSERT INTO `area_code` VALUES ('370786000000', '370786', '昌邑市');
INSERT INTO `area_code` VALUES ('370800000000', '3708', '济宁市');
INSERT INTO `area_code` VALUES ('370801000000', '370801', '市辖区');
INSERT INTO `area_code` VALUES ('370802000000', '370802', '市中区');
INSERT INTO `area_code` VALUES ('370811000000', '370811', '任城区');
INSERT INTO `area_code` VALUES ('370826000000', '370826', '微山县');
INSERT INTO `area_code` VALUES ('370827000000', '370827', '鱼台县');
INSERT INTO `area_code` VALUES ('370828000000', '370828', '金乡县');
INSERT INTO `area_code` VALUES ('370829000000', '370829', '嘉祥县');
INSERT INTO `area_code` VALUES ('370830000000', '370830', '汶上县');
INSERT INTO `area_code` VALUES ('370831000000', '370831', '泗水县');
INSERT INTO `area_code` VALUES ('370832000000', '370832', '梁山县');
INSERT INTO `area_code` VALUES ('370881000000', '370881', '曲阜市');
INSERT INTO `area_code` VALUES ('370882000000', '370882', '兖州市');
INSERT INTO `area_code` VALUES ('370883000000', '370883', '邹城市');
INSERT INTO `area_code` VALUES ('370900000000', '3709', '泰安市');
INSERT INTO `area_code` VALUES ('370901000000', '370901', '市辖区');
INSERT INTO `area_code` VALUES ('370902000000', '370902', '泰山区');
INSERT INTO `area_code` VALUES ('370911000000', '370911', '岱岳区');
INSERT INTO `area_code` VALUES ('370921000000', '370921', '宁阳县');
INSERT INTO `area_code` VALUES ('370923000000', '370923', '东平县');
INSERT INTO `area_code` VALUES ('370982000000', '370982', '新泰市');
INSERT INTO `area_code` VALUES ('370983000000', '370983', '肥城市');
INSERT INTO `area_code` VALUES ('371000000000', '3710', '威海市');
INSERT INTO `area_code` VALUES ('371001000000', '371001', '市辖区');
INSERT INTO `area_code` VALUES ('371002000000', '371002', '环翠区');
INSERT INTO `area_code` VALUES ('371081000000', '371081', '文登市');
INSERT INTO `area_code` VALUES ('371082000000', '371082', '荣成市');
INSERT INTO `area_code` VALUES ('371083000000', '371083', '乳山市');
INSERT INTO `area_code` VALUES ('371100000000', '3711', '日照市');
INSERT INTO `area_code` VALUES ('371101000000', '371101', '市辖区');
INSERT INTO `area_code` VALUES ('371102000000', '371102', '东港区');
INSERT INTO `area_code` VALUES ('371103000000', '371103', '岚山区');
INSERT INTO `area_code` VALUES ('371121000000', '371121', '五莲县');
INSERT INTO `area_code` VALUES ('371122000000', '371122', '莒县');
INSERT INTO `area_code` VALUES ('371200000000', '3712', '莱芜市');
INSERT INTO `area_code` VALUES ('371201000000', '371201', '市辖区');
INSERT INTO `area_code` VALUES ('371202000000', '371202', '莱城区');
INSERT INTO `area_code` VALUES ('371203000000', '371203', '钢城区');
INSERT INTO `area_code` VALUES ('371300000000', '3713', '临沂市');
INSERT INTO `area_code` VALUES ('371301000000', '371301', '市辖区');
INSERT INTO `area_code` VALUES ('371302000000', '371302', '兰山区');
INSERT INTO `area_code` VALUES ('371311000000', '371311', '罗庄区');
INSERT INTO `area_code` VALUES ('371312000000', '371312', '河东区');
INSERT INTO `area_code` VALUES ('371321000000', '371321', '沂南县');
INSERT INTO `area_code` VALUES ('371322000000', '371322', '郯城县');
INSERT INTO `area_code` VALUES ('371323000000', '371323', '沂水县');
INSERT INTO `area_code` VALUES ('371324000000', '371324', '苍山县');
INSERT INTO `area_code` VALUES ('371325000000', '371325', '费县');
INSERT INTO `area_code` VALUES ('371326000000', '371326', '平邑县');
INSERT INTO `area_code` VALUES ('371327000000', '371327', '莒南县');
INSERT INTO `area_code` VALUES ('371328000000', '371328', '蒙阴县');
INSERT INTO `area_code` VALUES ('371329000000', '371329', '临沭县');
INSERT INTO `area_code` VALUES ('371400000000', '3714', '德州市');
INSERT INTO `area_code` VALUES ('371401000000', '371401', '市辖区');
INSERT INTO `area_code` VALUES ('371402000000', '371402', '德城区');
INSERT INTO `area_code` VALUES ('371421000000', '371421', '陵县');
INSERT INTO `area_code` VALUES ('371422000000', '371422', '宁津县');
INSERT INTO `area_code` VALUES ('371423000000', '371423', '庆云县');
INSERT INTO `area_code` VALUES ('371424000000', '371424', '临邑县');
INSERT INTO `area_code` VALUES ('371425000000', '371425', '齐河县');
INSERT INTO `area_code` VALUES ('371426000000', '371426', '平原县');
INSERT INTO `area_code` VALUES ('371427000000', '371427', '夏津县');
INSERT INTO `area_code` VALUES ('371428000000', '371428', '武城县');
INSERT INTO `area_code` VALUES ('371481000000', '371481', '乐陵市');
INSERT INTO `area_code` VALUES ('371482000000', '371482', '禹城市');
INSERT INTO `area_code` VALUES ('371500000000', '3715', '聊城市');
INSERT INTO `area_code` VALUES ('371501000000', '371501', '市辖区');
INSERT INTO `area_code` VALUES ('371502000000', '371502', '东昌府区');
INSERT INTO `area_code` VALUES ('371521000000', '371521', '阳谷县');
INSERT INTO `area_code` VALUES ('371522000000', '371522', '莘县');
INSERT INTO `area_code` VALUES ('371523000000', '371523', '茌平县');
INSERT INTO `area_code` VALUES ('371524000000', '371524', '东阿县');
INSERT INTO `area_code` VALUES ('371525000000', '371525', '冠县');
INSERT INTO `area_code` VALUES ('371526000000', '371526', '高唐县');
INSERT INTO `area_code` VALUES ('371581000000', '371581', '临清市');
INSERT INTO `area_code` VALUES ('371600000000', '3716', '滨州市');
INSERT INTO `area_code` VALUES ('371601000000', '371601', '市辖区');
INSERT INTO `area_code` VALUES ('371602000000', '371602', '滨城区');
INSERT INTO `area_code` VALUES ('371621000000', '371621', '惠民县');
INSERT INTO `area_code` VALUES ('371622000000', '371622', '阳信县');
INSERT INTO `area_code` VALUES ('371623000000', '371623', '无棣县');
INSERT INTO `area_code` VALUES ('371624000000', '371624', '沾化县');
INSERT INTO `area_code` VALUES ('371625000000', '371625', '博兴县');
INSERT INTO `area_code` VALUES ('371626000000', '371626', '邹平县');
INSERT INTO `area_code` VALUES ('371700000000', '3717', '菏泽市');
INSERT INTO `area_code` VALUES ('371701000000', '371701', '市辖区');
INSERT INTO `area_code` VALUES ('371702000000', '371702', '牡丹区');
INSERT INTO `area_code` VALUES ('371721000000', '371721', '曹县');
INSERT INTO `area_code` VALUES ('371722000000', '371722', '单县');
INSERT INTO `area_code` VALUES ('371723000000', '371723', '成武县');
INSERT INTO `area_code` VALUES ('371724000000', '371724', '巨野县');
INSERT INTO `area_code` VALUES ('371725000000', '371725', '郓城县');
INSERT INTO `area_code` VALUES ('371726000000', '371726', '鄄城县');
INSERT INTO `area_code` VALUES ('371727000000', '371727', '定陶县');
INSERT INTO `area_code` VALUES ('371728000000', '371728', '东明县');
INSERT INTO `area_code` VALUES ('410000000000', '41', '河南省');
INSERT INTO `area_code` VALUES ('410100000000', '4101', '郑州市');
INSERT INTO `area_code` VALUES ('410101000000', '410101', '市辖区');
INSERT INTO `area_code` VALUES ('410102000000', '410102', '中原区');
INSERT INTO `area_code` VALUES ('410103000000', '410103', '二七区');
INSERT INTO `area_code` VALUES ('410104000000', '410104', '管城回族区');
INSERT INTO `area_code` VALUES ('410105000000', '410105', '金水区');
INSERT INTO `area_code` VALUES ('410106000000', '410106', '上街区');
INSERT INTO `area_code` VALUES ('410108000000', '410108', '惠济区');
INSERT INTO `area_code` VALUES ('410122000000', '410122', '中牟县');
INSERT INTO `area_code` VALUES ('410181000000', '410181', '巩义市');
INSERT INTO `area_code` VALUES ('410182000000', '410182', '荥阳市');
INSERT INTO `area_code` VALUES ('410183000000', '410183', '新密市');
INSERT INTO `area_code` VALUES ('410184000000', '410184', '新郑市');
INSERT INTO `area_code` VALUES ('410185000000', '410185', '登封市');
INSERT INTO `area_code` VALUES ('410200000000', '4102', '开封市');
INSERT INTO `area_code` VALUES ('410201000000', '410201', '市辖区');
INSERT INTO `area_code` VALUES ('410202000000', '410202', '龙亭区');
INSERT INTO `area_code` VALUES ('410203000000', '410203', '顺河回族区');
INSERT INTO `area_code` VALUES ('410204000000', '410204', '鼓楼区');
INSERT INTO `area_code` VALUES ('410205000000', '410205', '禹王台区');
INSERT INTO `area_code` VALUES ('410211000000', '410211', '金明区');
INSERT INTO `area_code` VALUES ('410221000000', '410221', '杞县');
INSERT INTO `area_code` VALUES ('410222000000', '410222', '通许县');
INSERT INTO `area_code` VALUES ('410223000000', '410223', '尉氏县');
INSERT INTO `area_code` VALUES ('410224000000', '410224', '开封县');
INSERT INTO `area_code` VALUES ('410225000000', '410225', '兰考县');
INSERT INTO `area_code` VALUES ('410300000000', '4103', '洛阳市');
INSERT INTO `area_code` VALUES ('410301000000', '410301', '市辖区');
INSERT INTO `area_code` VALUES ('410302000000', '410302', '老城区');
INSERT INTO `area_code` VALUES ('410303000000', '410303', '西工区');
INSERT INTO `area_code` VALUES ('410304000000', '410304', '瀍河回族区');
INSERT INTO `area_code` VALUES ('410305000000', '410305', '涧西区');
INSERT INTO `area_code` VALUES ('410306000000', '410306', '吉利区');
INSERT INTO `area_code` VALUES ('410311000000', '410311', '洛龙区');
INSERT INTO `area_code` VALUES ('410322000000', '410322', '孟津县');
INSERT INTO `area_code` VALUES ('410323000000', '410323', '新安县');
INSERT INTO `area_code` VALUES ('410324000000', '410324', '栾川县');
INSERT INTO `area_code` VALUES ('410325000000', '410325', '嵩县');
INSERT INTO `area_code` VALUES ('410326000000', '410326', '汝阳县');
INSERT INTO `area_code` VALUES ('410327000000', '410327', '宜阳县');
INSERT INTO `area_code` VALUES ('410328000000', '410328', '洛宁县');
INSERT INTO `area_code` VALUES ('410329000000', '410329', '伊川县');
INSERT INTO `area_code` VALUES ('410381000000', '410381', '偃师市');
INSERT INTO `area_code` VALUES ('410400000000', '4104', '平顶山市');
INSERT INTO `area_code` VALUES ('410401000000', '410401', '市辖区');
INSERT INTO `area_code` VALUES ('410402000000', '410402', '新华区');
INSERT INTO `area_code` VALUES ('410403000000', '410403', '卫东区');
INSERT INTO `area_code` VALUES ('410404000000', '410404', '石龙区');
INSERT INTO `area_code` VALUES ('410411000000', '410411', '湛河区');
INSERT INTO `area_code` VALUES ('410421000000', '410421', '宝丰县');
INSERT INTO `area_code` VALUES ('410422000000', '410422', '叶县');
INSERT INTO `area_code` VALUES ('410423000000', '410423', '鲁山县');
INSERT INTO `area_code` VALUES ('410425000000', '410425', '郏县');
INSERT INTO `area_code` VALUES ('410481000000', '410481', '舞钢市');
INSERT INTO `area_code` VALUES ('410482000000', '410482', '汝州市');
INSERT INTO `area_code` VALUES ('410500000000', '4105', '安阳市');
INSERT INTO `area_code` VALUES ('410501000000', '410501', '市辖区');
INSERT INTO `area_code` VALUES ('410502000000', '410502', '文峰区');
INSERT INTO `area_code` VALUES ('410503000000', '410503', '北关区');
INSERT INTO `area_code` VALUES ('410505000000', '410505', '殷都区');
INSERT INTO `area_code` VALUES ('410506000000', '410506', '龙安区');
INSERT INTO `area_code` VALUES ('410522000000', '410522', '安阳县');
INSERT INTO `area_code` VALUES ('410523000000', '410523', '汤阴县');
INSERT INTO `area_code` VALUES ('410526000000', '410526', '滑县');
INSERT INTO `area_code` VALUES ('410527000000', '410527', '内黄县');
INSERT INTO `area_code` VALUES ('410581000000', '410581', '林州市');
INSERT INTO `area_code` VALUES ('410600000000', '4106', '鹤壁市');
INSERT INTO `area_code` VALUES ('410601000000', '410601', '市辖区');
INSERT INTO `area_code` VALUES ('410602000000', '410602', '鹤山区');
INSERT INTO `area_code` VALUES ('410603000000', '410603', '山城区');
INSERT INTO `area_code` VALUES ('410611000000', '410611', '淇滨区');
INSERT INTO `area_code` VALUES ('410621000000', '410621', '浚县');
INSERT INTO `area_code` VALUES ('410622000000', '410622', '淇县');
INSERT INTO `area_code` VALUES ('410700000000', '4107', '新乡市');
INSERT INTO `area_code` VALUES ('410701000000', '410701', '市辖区');
INSERT INTO `area_code` VALUES ('410702000000', '410702', '红旗区');
INSERT INTO `area_code` VALUES ('410703000000', '410703', '卫滨区');
INSERT INTO `area_code` VALUES ('410704000000', '410704', '凤泉区');
INSERT INTO `area_code` VALUES ('410711000000', '410711', '牧野区');
INSERT INTO `area_code` VALUES ('410721000000', '410721', '新乡县');
INSERT INTO `area_code` VALUES ('410724000000', '410724', '获嘉县');
INSERT INTO `area_code` VALUES ('410725000000', '410725', '原阳县');
INSERT INTO `area_code` VALUES ('410726000000', '410726', '延津县');
INSERT INTO `area_code` VALUES ('410727000000', '410727', '封丘县');
INSERT INTO `area_code` VALUES ('410728000000', '410728', '长垣县');
INSERT INTO `area_code` VALUES ('410781000000', '410781', '卫辉市');
INSERT INTO `area_code` VALUES ('410782000000', '410782', '辉县市');
INSERT INTO `area_code` VALUES ('410800000000', '4108', '焦作市');
INSERT INTO `area_code` VALUES ('410801000000', '410801', '市辖区');
INSERT INTO `area_code` VALUES ('410802000000', '410802', '解放区');
INSERT INTO `area_code` VALUES ('410803000000', '410803', '中站区');
INSERT INTO `area_code` VALUES ('410804000000', '410804', '马村区');
INSERT INTO `area_code` VALUES ('410811000000', '410811', '山阳区');
INSERT INTO `area_code` VALUES ('410821000000', '410821', '修武县');
INSERT INTO `area_code` VALUES ('410822000000', '410822', '博爱县');
INSERT INTO `area_code` VALUES ('410823000000', '410823', '武陟县');
INSERT INTO `area_code` VALUES ('410825000000', '410825', '温县');
INSERT INTO `area_code` VALUES ('410882000000', '410882', '沁阳市');
INSERT INTO `area_code` VALUES ('410883000000', '410883', '孟州市');
INSERT INTO `area_code` VALUES ('410900000000', '4109', '濮阳市');
INSERT INTO `area_code` VALUES ('410901000000', '410901', '市辖区');
INSERT INTO `area_code` VALUES ('410902000000', '410902', '华龙区');
INSERT INTO `area_code` VALUES ('410922000000', '410922', '清丰县');
INSERT INTO `area_code` VALUES ('410923000000', '410923', '南乐县');
INSERT INTO `area_code` VALUES ('410926000000', '410926', '范县');
INSERT INTO `area_code` VALUES ('410927000000', '410927', '台前县');
INSERT INTO `area_code` VALUES ('410928000000', '410928', '濮阳县');
INSERT INTO `area_code` VALUES ('411000000000', '4110', '许昌市');
INSERT INTO `area_code` VALUES ('411001000000', '411001', '市辖区');
INSERT INTO `area_code` VALUES ('411002000000', '411002', '魏都区');
INSERT INTO `area_code` VALUES ('411023000000', '411023', '许昌县');
INSERT INTO `area_code` VALUES ('411024000000', '411024', '鄢陵县');
INSERT INTO `area_code` VALUES ('411025000000', '411025', '襄城县');
INSERT INTO `area_code` VALUES ('411081000000', '411081', '禹州市');
INSERT INTO `area_code` VALUES ('411082000000', '411082', '长葛市');
INSERT INTO `area_code` VALUES ('411100000000', '4111', '漯河市');
INSERT INTO `area_code` VALUES ('411101000000', '411101', '市辖区');
INSERT INTO `area_code` VALUES ('411102000000', '411102', '源汇区');
INSERT INTO `area_code` VALUES ('411103000000', '411103', '郾城区');
INSERT INTO `area_code` VALUES ('411104000000', '411104', '召陵区');
INSERT INTO `area_code` VALUES ('411121000000', '411121', '舞阳县');
INSERT INTO `area_code` VALUES ('411122000000', '411122', '临颍县');
INSERT INTO `area_code` VALUES ('411200000000', '4112', '三门峡市');
INSERT INTO `area_code` VALUES ('411201000000', '411201', '市辖区');
INSERT INTO `area_code` VALUES ('411202000000', '411202', '湖滨区');
INSERT INTO `area_code` VALUES ('411221000000', '411221', '渑池县');
INSERT INTO `area_code` VALUES ('411222000000', '411222', '陕县');
INSERT INTO `area_code` VALUES ('411224000000', '411224', '卢氏县');
INSERT INTO `area_code` VALUES ('411281000000', '411281', '义马市');
INSERT INTO `area_code` VALUES ('411282000000', '411282', '灵宝市');
INSERT INTO `area_code` VALUES ('411300000000', '4113', '南阳市');
INSERT INTO `area_code` VALUES ('411301000000', '411301', '市辖区');
INSERT INTO `area_code` VALUES ('411302000000', '411302', '宛城区');
INSERT INTO `area_code` VALUES ('411303000000', '411303', '卧龙区');
INSERT INTO `area_code` VALUES ('411321000000', '411321', '南召县');
INSERT INTO `area_code` VALUES ('411322000000', '411322', '方城县');
INSERT INTO `area_code` VALUES ('411323000000', '411323', '西峡县');
INSERT INTO `area_code` VALUES ('411324000000', '411324', '镇平县');
INSERT INTO `area_code` VALUES ('411325000000', '411325', '内乡县');
INSERT INTO `area_code` VALUES ('411326000000', '411326', '淅川县');
INSERT INTO `area_code` VALUES ('411327000000', '411327', '社旗县');
INSERT INTO `area_code` VALUES ('411328000000', '411328', '唐河县');
INSERT INTO `area_code` VALUES ('411329000000', '411329', '新野县');
INSERT INTO `area_code` VALUES ('411330000000', '411330', '桐柏县');
INSERT INTO `area_code` VALUES ('411381000000', '411381', '邓州市');
INSERT INTO `area_code` VALUES ('411400000000', '4114', '商丘市');
INSERT INTO `area_code` VALUES ('411401000000', '411401', '市辖区');
INSERT INTO `area_code` VALUES ('411402000000', '411402', '梁园区');
INSERT INTO `area_code` VALUES ('411403000000', '411403', '睢阳区');
INSERT INTO `area_code` VALUES ('411421000000', '411421', '民权县');
INSERT INTO `area_code` VALUES ('411422000000', '411422', '睢县');
INSERT INTO `area_code` VALUES ('411423000000', '411423', '宁陵县');
INSERT INTO `area_code` VALUES ('411424000000', '411424', '柘城县');
INSERT INTO `area_code` VALUES ('411425000000', '411425', '虞城县');
INSERT INTO `area_code` VALUES ('411426000000', '411426', '夏邑县');
INSERT INTO `area_code` VALUES ('411481000000', '411481', '永城市');
INSERT INTO `area_code` VALUES ('411500000000', '4115', '信阳市');
INSERT INTO `area_code` VALUES ('411501000000', '411501', '市辖区');
INSERT INTO `area_code` VALUES ('411502000000', '411502', '浉河区');
INSERT INTO `area_code` VALUES ('411503000000', '411503', '平桥区');
INSERT INTO `area_code` VALUES ('411521000000', '411521', '罗山县');
INSERT INTO `area_code` VALUES ('411522000000', '411522', '光山县');
INSERT INTO `area_code` VALUES ('411523000000', '411523', '新县');
INSERT INTO `area_code` VALUES ('411524000000', '411524', '商城县');
INSERT INTO `area_code` VALUES ('411525000000', '411525', '固始县');
INSERT INTO `area_code` VALUES ('411526000000', '411526', '潢川县');
INSERT INTO `area_code` VALUES ('411527000000', '411527', '淮滨县');
INSERT INTO `area_code` VALUES ('411528000000', '411528', '息县');
INSERT INTO `area_code` VALUES ('411600000000', '4116', '周口市');
INSERT INTO `area_code` VALUES ('411601000000', '411601', '市辖区');
INSERT INTO `area_code` VALUES ('411602000000', '411602', '川汇区');
INSERT INTO `area_code` VALUES ('411621000000', '411621', '扶沟县');
INSERT INTO `area_code` VALUES ('411622000000', '411622', '西华县');
INSERT INTO `area_code` VALUES ('411623000000', '411623', '商水县');
INSERT INTO `area_code` VALUES ('411624000000', '411624', '沈丘县');
INSERT INTO `area_code` VALUES ('411625000000', '411625', '郸城县');
INSERT INTO `area_code` VALUES ('411626000000', '411626', '淮阳县');
INSERT INTO `area_code` VALUES ('411627000000', '411627', '太康县');
INSERT INTO `area_code` VALUES ('411628000000', '411628', '鹿邑县');
INSERT INTO `area_code` VALUES ('411681000000', '411681', '项城市');
INSERT INTO `area_code` VALUES ('411700000000', '4117', '驻马店市');
INSERT INTO `area_code` VALUES ('411701000000', '411701', '市辖区');
INSERT INTO `area_code` VALUES ('411702000000', '411702', '驿城区');
INSERT INTO `area_code` VALUES ('411721000000', '411721', '西平县');
INSERT INTO `area_code` VALUES ('411722000000', '411722', '上蔡县');
INSERT INTO `area_code` VALUES ('411723000000', '411723', '平舆县');
INSERT INTO `area_code` VALUES ('411724000000', '411724', '正阳县');
INSERT INTO `area_code` VALUES ('411725000000', '411725', '确山县');
INSERT INTO `area_code` VALUES ('411726000000', '411726', '泌阳县');
INSERT INTO `area_code` VALUES ('411727000000', '411727', '汝南县');
INSERT INTO `area_code` VALUES ('411728000000', '411728', '遂平县');
INSERT INTO `area_code` VALUES ('411729000000', '411729', '新蔡县');
INSERT INTO `area_code` VALUES ('419000000000', '4190', '省直辖县级行政区划');
INSERT INTO `area_code` VALUES ('419001000000', '419001', '济源市');
INSERT INTO `area_code` VALUES ('420000000000', '42', '湖北省');
INSERT INTO `area_code` VALUES ('420100000000', '4201', '武汉市');
INSERT INTO `area_code` VALUES ('420101000000', '420101', '市辖区');
INSERT INTO `area_code` VALUES ('420102000000', '420102', '江岸区');
INSERT INTO `area_code` VALUES ('420103000000', '420103', '武汉市江汉区');
INSERT INTO `area_code` VALUES ('420104000000', '420104', '硚口区');
INSERT INTO `area_code` VALUES ('420105000000', '420105', '汉阳区');
INSERT INTO `area_code` VALUES ('420106000000', '420106', '武昌区');
INSERT INTO `area_code` VALUES ('420107000000', '420107', '青山区');
INSERT INTO `area_code` VALUES ('420111000000', '420111', '洪山区');
INSERT INTO `area_code` VALUES ('420112000000', '420112', '东西湖区');
INSERT INTO `area_code` VALUES ('420113000000', '420113', '汉南区');
INSERT INTO `area_code` VALUES ('420114000000', '420114', '蔡甸区');
INSERT INTO `area_code` VALUES ('420115000000', '420115', '江夏区');
INSERT INTO `area_code` VALUES ('420116000000', '420116', '黄陂区');
INSERT INTO `area_code` VALUES ('420117000000', '420117', '新洲区');
INSERT INTO `area_code` VALUES ('420200000000', '4202', '黄石市');
INSERT INTO `area_code` VALUES ('420201000000', '420201', '市辖区');
INSERT INTO `area_code` VALUES ('420202000000', '420202', '黄石港区');
INSERT INTO `area_code` VALUES ('420203000000', '420203', '西塞山区');
INSERT INTO `area_code` VALUES ('420204000000', '420204', '下陆区');
INSERT INTO `area_code` VALUES ('420205000000', '420205', '铁山区');
INSERT INTO `area_code` VALUES ('420222000000', '420222', '阳新县');
INSERT INTO `area_code` VALUES ('420281000000', '420281', '大冶市');
INSERT INTO `area_code` VALUES ('420300000000', '4203', '十堰市');
INSERT INTO `area_code` VALUES ('420301000000', '420301', '市辖区');
INSERT INTO `area_code` VALUES ('420302000000', '420302', '茅箭区');
INSERT INTO `area_code` VALUES ('420303000000', '420303', '张湾区');
INSERT INTO `area_code` VALUES ('420321000000', '420321', '郧县');
INSERT INTO `area_code` VALUES ('420322000000', '420322', '郧西县');
INSERT INTO `area_code` VALUES ('420323000000', '420323', '竹山县');
INSERT INTO `area_code` VALUES ('420324000000', '420324', '竹溪县');
INSERT INTO `area_code` VALUES ('420325000000', '420325', '房县');
INSERT INTO `area_code` VALUES ('420381000000', '420381', '丹江口市');
INSERT INTO `area_code` VALUES ('420500000000', '4205', '宜昌市');
INSERT INTO `area_code` VALUES ('420501000000', '420501', '市辖区');
INSERT INTO `area_code` VALUES ('420502000000', '420502', '西陵区');
INSERT INTO `area_code` VALUES ('420503000000', '420503', '伍家岗区');
INSERT INTO `area_code` VALUES ('420504000000', '420504', '点军区');
INSERT INTO `area_code` VALUES ('420505000000', '420505', '猇亭区');
INSERT INTO `area_code` VALUES ('420506000000', '420506', '夷陵区');
INSERT INTO `area_code` VALUES ('420525000000', '420525', '远安县');
INSERT INTO `area_code` VALUES ('420526000000', '420526', '兴山县');
INSERT INTO `area_code` VALUES ('420527000000', '420527', '秭归县');
INSERT INTO `area_code` VALUES ('420528000000', '420528', '长阳土家族自治县');
INSERT INTO `area_code` VALUES ('420529000000', '420529', '五峰土家族自治县');
INSERT INTO `area_code` VALUES ('420581000000', '420581', '宜都市');
INSERT INTO `area_code` VALUES ('420582000000', '420582', '当阳市');
INSERT INTO `area_code` VALUES ('420583000000', '420583', '枝江市');
INSERT INTO `area_code` VALUES ('420600000000', '4206', '襄樊市');
INSERT INTO `area_code` VALUES ('420601000000', '420601', '市辖区');
INSERT INTO `area_code` VALUES ('420602000000', '420602', '襄城区');
INSERT INTO `area_code` VALUES ('420606000000', '420606', '樊城区');
INSERT INTO `area_code` VALUES ('420607000000', '420607', '襄阳区');
INSERT INTO `area_code` VALUES ('420624000000', '420624', '南漳县');
INSERT INTO `area_code` VALUES ('420625000000', '420625', '谷城县');
INSERT INTO `area_code` VALUES ('420626000000', '420626', '保康县');
INSERT INTO `area_code` VALUES ('420682000000', '420682', '老河口市');
INSERT INTO `area_code` VALUES ('420683000000', '420683', '枣阳市');
INSERT INTO `area_code` VALUES ('420684000000', '420684', '宜城市');
INSERT INTO `area_code` VALUES ('420700000000', '4207', '鄂州市');
INSERT INTO `area_code` VALUES ('420701000000', '420701', '市辖区');
INSERT INTO `area_code` VALUES ('420702000000', '420702', '梁子湖区');
INSERT INTO `area_code` VALUES ('420703000000', '420703', '华容区');
INSERT INTO `area_code` VALUES ('420704000000', '420704', '鄂城区');
INSERT INTO `area_code` VALUES ('420800000000', '4208', '荆门市');
INSERT INTO `area_code` VALUES ('420801000000', '420801', '市辖区');
INSERT INTO `area_code` VALUES ('420802000000', '420802', '东宝区');
INSERT INTO `area_code` VALUES ('420804000000', '420804', '掇刀区');
INSERT INTO `area_code` VALUES ('420821000000', '420821', '京山县');
INSERT INTO `area_code` VALUES ('420822000000', '420822', '沙洋县');
INSERT INTO `area_code` VALUES ('420881000000', '420881', '钟祥市');
INSERT INTO `area_code` VALUES ('420900000000', '4209', '孝感市');
INSERT INTO `area_code` VALUES ('420901000000', '420901', '市辖区');
INSERT INTO `area_code` VALUES ('420902000000', '420902', '孝南区');
INSERT INTO `area_code` VALUES ('420921000000', '420921', '孝昌县');
INSERT INTO `area_code` VALUES ('420922000000', '420922', '大悟县');
INSERT INTO `area_code` VALUES ('420923000000', '420923', '云梦县');
INSERT INTO `area_code` VALUES ('420981000000', '420981', '应城市');
INSERT INTO `area_code` VALUES ('420982000000', '420982', '安陆市');
INSERT INTO `area_code` VALUES ('420984000000', '420984', '汉川市');
INSERT INTO `area_code` VALUES ('421000000000', '4210', '荆州市');
INSERT INTO `area_code` VALUES ('421001000000', '421001', '市辖区');
INSERT INTO `area_code` VALUES ('421002000000', '421002', '沙市区');
INSERT INTO `area_code` VALUES ('421003000000', '421003', '荆州区');
INSERT INTO `area_code` VALUES ('421022000000', '421022', '公安县');
INSERT INTO `area_code` VALUES ('421023000000', '421023', '监利县');
INSERT INTO `area_code` VALUES ('421024000000', '421024', '江陵县');
INSERT INTO `area_code` VALUES ('421081000000', '421081', '石首市');
INSERT INTO `area_code` VALUES ('421083000000', '421083', '洪湖市');
INSERT INTO `area_code` VALUES ('421087000000', '421087', '松滋市');
INSERT INTO `area_code` VALUES ('421100000000', '4211', '黄冈市');
INSERT INTO `area_code` VALUES ('421101000000', '421101', '市辖区');
INSERT INTO `area_code` VALUES ('421102000000', '421102', '黄州区');
INSERT INTO `area_code` VALUES ('421121000000', '421121', '团风县');
INSERT INTO `area_code` VALUES ('421122000000', '421122', '红安县');
INSERT INTO `area_code` VALUES ('421123000000', '421123', '罗田县');
INSERT INTO `area_code` VALUES ('421124000000', '421124', '英山县');
INSERT INTO `area_code` VALUES ('421125000000', '421125', '浠水县');
INSERT INTO `area_code` VALUES ('421126000000', '421126', '蕲春县');
INSERT INTO `area_code` VALUES ('421127000000', '421127', '黄梅县');
INSERT INTO `area_code` VALUES ('421181000000', '421181', '麻城市');
INSERT INTO `area_code` VALUES ('421182000000', '421182', '武穴市');
INSERT INTO `area_code` VALUES ('421200000000', '4212', '咸宁市');
INSERT INTO `area_code` VALUES ('421201000000', '421201', '市辖区');
INSERT INTO `area_code` VALUES ('421202000000', '421202', '咸安区');
INSERT INTO `area_code` VALUES ('421221000000', '421221', '嘉鱼县');
INSERT INTO `area_code` VALUES ('421222000000', '421222', '通城县');
INSERT INTO `area_code` VALUES ('421223000000', '421223', '崇阳县');
INSERT INTO `area_code` VALUES ('421224000000', '421224', '通山县');
INSERT INTO `area_code` VALUES ('421281000000', '421281', '赤壁市');
INSERT INTO `area_code` VALUES ('421300000000', '4213', '随州市');
INSERT INTO `area_code` VALUES ('421301000000', '421301', '市辖区');
INSERT INTO `area_code` VALUES ('421303000000', '421303', '曾都区');
INSERT INTO `area_code` VALUES ('421321000000', '421321', '随县');
INSERT INTO `area_code` VALUES ('421381000000', '421381', '广水市');
INSERT INTO `area_code` VALUES ('422800000000', '4228', '恩施州');
INSERT INTO `area_code` VALUES ('422801000000', '422801', '恩施市');
INSERT INTO `area_code` VALUES ('422802000000', '422802', '利川市');
INSERT INTO `area_code` VALUES ('422822000000', '422822', '建始县');
INSERT INTO `area_code` VALUES ('422823000000', '422823', '巴东县');
INSERT INTO `area_code` VALUES ('422825000000', '422825', '宣恩县');
INSERT INTO `area_code` VALUES ('422826000000', '422826', '咸丰县');
INSERT INTO `area_code` VALUES ('422827000000', '422827', '来凤县');
INSERT INTO `area_code` VALUES ('422828000000', '422828', '鹤峰县');
INSERT INTO `area_code` VALUES ('429000000000', '4290', '省直辖县级行政区划');
INSERT INTO `area_code` VALUES ('429004000000', '429004', '仙桃市');
INSERT INTO `area_code` VALUES ('429005000000', '429005', '潜江市');
INSERT INTO `area_code` VALUES ('429006000000', '429006', '天门市');
INSERT INTO `area_code` VALUES ('429021000000', '429021', '神农架林区');
INSERT INTO `area_code` VALUES ('430000000000', '43', '湖南省');
INSERT INTO `area_code` VALUES ('430100000000', '4301', '长沙市');
INSERT INTO `area_code` VALUES ('430101000000', '430101', '市辖区');
INSERT INTO `area_code` VALUES ('430102000000', '430102', '芙蓉区');
INSERT INTO `area_code` VALUES ('430103000000', '430103', '天心区');
INSERT INTO `area_code` VALUES ('430104000000', '430104', '岳麓区');
INSERT INTO `area_code` VALUES ('430105000000', '430105', '开福区');
INSERT INTO `area_code` VALUES ('430111000000', '430111', '雨花区');
INSERT INTO `area_code` VALUES ('430121000000', '430121', '长沙县');
INSERT INTO `area_code` VALUES ('430122000000', '430122', '望城县');
INSERT INTO `area_code` VALUES ('430124000000', '430124', '宁乡县');
INSERT INTO `area_code` VALUES ('430181000000', '430181', '浏阳市');
INSERT INTO `area_code` VALUES ('430200000000', '4302', '株洲市');
INSERT INTO `area_code` VALUES ('430201000000', '430201', '市辖区');
INSERT INTO `area_code` VALUES ('430202000000', '430202', '荷塘区');
INSERT INTO `area_code` VALUES ('430203000000', '430203', '芦淞区');
INSERT INTO `area_code` VALUES ('430204000000', '430204', '石峰区');
INSERT INTO `area_code` VALUES ('430211000000', '430211', '天元区');
INSERT INTO `area_code` VALUES ('430221000000', '430221', '株洲县');
INSERT INTO `area_code` VALUES ('430223000000', '430223', '攸县');
INSERT INTO `area_code` VALUES ('430224000000', '430224', '茶陵县');
INSERT INTO `area_code` VALUES ('430225000000', '430225', '炎陵县');
INSERT INTO `area_code` VALUES ('430281000000', '430281', '醴陵市');
INSERT INTO `area_code` VALUES ('430300000000', '4303', '湘潭市');
INSERT INTO `area_code` VALUES ('430301000000', '430301', '市辖区');
INSERT INTO `area_code` VALUES ('430302000000', '430302', '雨湖区');
INSERT INTO `area_code` VALUES ('430304000000', '430304', '岳塘区');
INSERT INTO `area_code` VALUES ('430321000000', '430321', '湘潭县');
INSERT INTO `area_code` VALUES ('430381000000', '430381', '湘乡市');
INSERT INTO `area_code` VALUES ('430382000000', '430382', '韶山市');
INSERT INTO `area_code` VALUES ('430400000000', '4304', '衡阳市');
INSERT INTO `area_code` VALUES ('430401000000', '430401', '市辖区');
INSERT INTO `area_code` VALUES ('430405000000', '430405', '珠晖区');
INSERT INTO `area_code` VALUES ('430406000000', '430406', '雁峰区');
INSERT INTO `area_code` VALUES ('430407000000', '430407', '石鼓区');
INSERT INTO `area_code` VALUES ('430408000000', '430408', '蒸湘区');
INSERT INTO `area_code` VALUES ('430412000000', '430412', '南岳区');
INSERT INTO `area_code` VALUES ('430421000000', '430421', '衡阳县');
INSERT INTO `area_code` VALUES ('430422000000', '430422', '衡南县');
INSERT INTO `area_code` VALUES ('430423000000', '430423', '衡山县');
INSERT INTO `area_code` VALUES ('430424000000', '430424', '衡东县');
INSERT INTO `area_code` VALUES ('430426000000', '430426', '祁东县');
INSERT INTO `area_code` VALUES ('430481000000', '430481', '耒阳市');
INSERT INTO `area_code` VALUES ('430482000000', '430482', '常宁市');
INSERT INTO `area_code` VALUES ('430500000000', '4305', '邵阳市');
INSERT INTO `area_code` VALUES ('430501000000', '430501', '市辖区');
INSERT INTO `area_code` VALUES ('430502000000', '430502', '双清区');
INSERT INTO `area_code` VALUES ('430503000000', '430503', '大祥区');
INSERT INTO `area_code` VALUES ('430511000000', '430511', '北塔区');
INSERT INTO `area_code` VALUES ('430521000000', '430521', '邵东县');
INSERT INTO `area_code` VALUES ('430522000000', '430522', '新邵县');
INSERT INTO `area_code` VALUES ('430523000000', '430523', '邵阳县');
INSERT INTO `area_code` VALUES ('430524000000', '430524', '隆回县');
INSERT INTO `area_code` VALUES ('430525000000', '430525', '洞口县');
INSERT INTO `area_code` VALUES ('430527000000', '430527', '绥宁县');
INSERT INTO `area_code` VALUES ('430528000000', '430528', '新宁县');
INSERT INTO `area_code` VALUES ('430529000000', '430529', '城步苗族自治县');
INSERT INTO `area_code` VALUES ('430581000000', '430581', '武冈市');
INSERT INTO `area_code` VALUES ('430600000000', '4306', '岳阳市');
INSERT INTO `area_code` VALUES ('430601000000', '430601', '市辖区');
INSERT INTO `area_code` VALUES ('430602000000', '430602', '岳阳楼区');
INSERT INTO `area_code` VALUES ('430603000000', '430603', '云溪区');
INSERT INTO `area_code` VALUES ('430611000000', '430611', '君山区');
INSERT INTO `area_code` VALUES ('430621000000', '430621', '岳阳县');
INSERT INTO `area_code` VALUES ('430623000000', '430623', '华容县');
INSERT INTO `area_code` VALUES ('430624000000', '430624', '湘阴县');
INSERT INTO `area_code` VALUES ('430626000000', '430626', '平江县');
INSERT INTO `area_code` VALUES ('430681000000', '430681', '汨罗市');
INSERT INTO `area_code` VALUES ('430682000000', '430682', '临湘市');
INSERT INTO `area_code` VALUES ('430700000000', '4307', '常德市');
INSERT INTO `area_code` VALUES ('430701000000', '430701', '市辖区');
INSERT INTO `area_code` VALUES ('430702000000', '430702', '武陵区');
INSERT INTO `area_code` VALUES ('430703000000', '430703', '鼎城区');
INSERT INTO `area_code` VALUES ('430721000000', '430721', '安乡县');
INSERT INTO `area_code` VALUES ('430722000000', '430722', '汉寿县');
INSERT INTO `area_code` VALUES ('430723000000', '430723', '澧县');
INSERT INTO `area_code` VALUES ('430724000000', '430724', '临澧县');
INSERT INTO `area_code` VALUES ('430725000000', '430725', '桃源县');
INSERT INTO `area_code` VALUES ('430726000000', '430726', '石门县');
INSERT INTO `area_code` VALUES ('430781000000', '430781', '津市市');
INSERT INTO `area_code` VALUES ('430800000000', '4308', '张家界市');
INSERT INTO `area_code` VALUES ('430801000000', '430801', '市辖区');
INSERT INTO `area_code` VALUES ('430802000000', '430802', '永定区');
INSERT INTO `area_code` VALUES ('430811000000', '430811', '武陵源区');
INSERT INTO `area_code` VALUES ('430821000000', '430821', '慈利县');
INSERT INTO `area_code` VALUES ('430822000000', '430822', '桑植县');
INSERT INTO `area_code` VALUES ('430900000000', '4309', '益阳市');
INSERT INTO `area_code` VALUES ('430901000000', '430901', '市辖区');
INSERT INTO `area_code` VALUES ('430902000000', '430902', '资阳区');
INSERT INTO `area_code` VALUES ('430903000000', '430903', '赫山区');
INSERT INTO `area_code` VALUES ('430921000000', '430921', '南县');
INSERT INTO `area_code` VALUES ('430922000000', '430922', '桃江县');
INSERT INTO `area_code` VALUES ('430923000000', '430923', '安化县');
INSERT INTO `area_code` VALUES ('430981000000', '430981', '沅江市');
INSERT INTO `area_code` VALUES ('431000000000', '4310', '郴州市');
INSERT INTO `area_code` VALUES ('431001000000', '431001', '市辖区');
INSERT INTO `area_code` VALUES ('431002000000', '431002', '北湖区');
INSERT INTO `area_code` VALUES ('431003000000', '431003', '苏仙区');
INSERT INTO `area_code` VALUES ('431021000000', '431021', '桂阳县');
INSERT INTO `area_code` VALUES ('431022000000', '431022', '宜章县');
INSERT INTO `area_code` VALUES ('431023000000', '431023', '永兴县');
INSERT INTO `area_code` VALUES ('431024000000', '431024', '嘉禾县');
INSERT INTO `area_code` VALUES ('431025000000', '431025', '临武县');
INSERT INTO `area_code` VALUES ('431026000000', '431026', '汝城县');
INSERT INTO `area_code` VALUES ('431027000000', '431027', '桂东县');
INSERT INTO `area_code` VALUES ('431028000000', '431028', '安仁县');
INSERT INTO `area_code` VALUES ('431081000000', '431081', '资兴市');
INSERT INTO `area_code` VALUES ('431100000000', '4311', '永州市');
INSERT INTO `area_code` VALUES ('431101000000', '431101', '市辖区');
INSERT INTO `area_code` VALUES ('431102000000', '431102', '零陵区');
INSERT INTO `area_code` VALUES ('431103000000', '431103', '冷水滩区');
INSERT INTO `area_code` VALUES ('431121000000', '431121', '祁阳县');
INSERT INTO `area_code` VALUES ('431122000000', '431122', '东安县');
INSERT INTO `area_code` VALUES ('431123000000', '431123', '双牌县');
INSERT INTO `area_code` VALUES ('431124000000', '431124', '道县');
INSERT INTO `area_code` VALUES ('431125000000', '431125', '江永县');
INSERT INTO `area_code` VALUES ('431126000000', '431126', '宁远县');
INSERT INTO `area_code` VALUES ('431127000000', '431127', '蓝山县');
INSERT INTO `area_code` VALUES ('431128000000', '431128', '新田县');
INSERT INTO `area_code` VALUES ('431129000000', '431129', '江华瑶族自治县');
INSERT INTO `area_code` VALUES ('431200000000', '4312', '怀化市');
INSERT INTO `area_code` VALUES ('431201000000', '431201', '市辖区');
INSERT INTO `area_code` VALUES ('431202000000', '431202', '鹤城区');
INSERT INTO `area_code` VALUES ('431221000000', '431221', '中方县');
INSERT INTO `area_code` VALUES ('431222000000', '431222', '沅陵县');
INSERT INTO `area_code` VALUES ('431223000000', '431223', '辰溪县');
INSERT INTO `area_code` VALUES ('431224000000', '431224', '溆浦县');
INSERT INTO `area_code` VALUES ('431225000000', '431225', '会同县');
INSERT INTO `area_code` VALUES ('431226000000', '431226', '麻阳苗族自治县');
INSERT INTO `area_code` VALUES ('431227000000', '431227', '新晃侗族自治县');
INSERT INTO `area_code` VALUES ('431228000000', '431228', '芷江侗族自治县');
INSERT INTO `area_code` VALUES ('431229000000', '431229', '靖州苗族侗族自治县');
INSERT INTO `area_code` VALUES ('431230000000', '431230', '通道侗族自治县');
INSERT INTO `area_code` VALUES ('431281000000', '431281', '洪江市');
INSERT INTO `area_code` VALUES ('431300000000', '4313', '娄底市');
INSERT INTO `area_code` VALUES ('431301000000', '431301', '市辖区');
INSERT INTO `area_code` VALUES ('431302000000', '431302', '娄星区');
INSERT INTO `area_code` VALUES ('431321000000', '431321', '双峰县');
INSERT INTO `area_code` VALUES ('431322000000', '431322', '新化县');
INSERT INTO `area_code` VALUES ('431381000000', '431381', '冷水江市');
INSERT INTO `area_code` VALUES ('431382000000', '431382', '涟源市');
INSERT INTO `area_code` VALUES ('433100000000', '4331', '湘西土家族苗族自治州');
INSERT INTO `area_code` VALUES ('433101000000', '433101', '吉首市');
INSERT INTO `area_code` VALUES ('433122000000', '433122', '泸溪县');
INSERT INTO `area_code` VALUES ('433123000000', '433123', '凤凰县');
INSERT INTO `area_code` VALUES ('433124000000', '433124', '花垣县');
INSERT INTO `area_code` VALUES ('433125000000', '433125', '保靖县');
INSERT INTO `area_code` VALUES ('433126000000', '433126', '古丈县');
INSERT INTO `area_code` VALUES ('433127000000', '433127', '永顺县');
INSERT INTO `area_code` VALUES ('433130000000', '433130', '龙山县');
INSERT INTO `area_code` VALUES ('440000000000', '44', '广东省');
INSERT INTO `area_code` VALUES ('440100000000', '4401', '广州市');
INSERT INTO `area_code` VALUES ('440101000000', '440101', '市辖区');
INSERT INTO `area_code` VALUES ('440103000000', '440103', '荔湾区');
INSERT INTO `area_code` VALUES ('440104000000', '440104', '越秀区');
INSERT INTO `area_code` VALUES ('440105000000', '440105', '海珠区');
INSERT INTO `area_code` VALUES ('440106000000', '440106', '天河区');
INSERT INTO `area_code` VALUES ('440111000000', '440111', '白云区');
INSERT INTO `area_code` VALUES ('440112000000', '440112', '黄埔区');
INSERT INTO `area_code` VALUES ('440113000000', '440113', '番禺区');
INSERT INTO `area_code` VALUES ('440114000000', '440114', '花都区');
INSERT INTO `area_code` VALUES ('440115000000', '440115', '南沙区');
INSERT INTO `area_code` VALUES ('440116000000', '440116', '萝岗区');
INSERT INTO `area_code` VALUES ('440183000000', '440183', '增城市');
INSERT INTO `area_code` VALUES ('440184000000', '440184', '从化市');
INSERT INTO `area_code` VALUES ('440200000000', '4402', '韶关市');
INSERT INTO `area_code` VALUES ('440201000000', '440201', '市辖区');
INSERT INTO `area_code` VALUES ('440203000000', '440203', '武江区');
INSERT INTO `area_code` VALUES ('440204000000', '440204', '浈江区');
INSERT INTO `area_code` VALUES ('440205000000', '440205', '曲江区');
INSERT INTO `area_code` VALUES ('440222000000', '440222', '始兴县');
INSERT INTO `area_code` VALUES ('440224000000', '440224', '仁化县');
INSERT INTO `area_code` VALUES ('440229000000', '440229', '翁源县');
INSERT INTO `area_code` VALUES ('440232000000', '440232', '乳源瑶族自治县');
INSERT INTO `area_code` VALUES ('440233000000', '440233', '新丰县');
INSERT INTO `area_code` VALUES ('440281000000', '440281', '乐昌市');
INSERT INTO `area_code` VALUES ('440282000000', '440282', '南雄市');
INSERT INTO `area_code` VALUES ('440300000000', '4403', '深圳市');
INSERT INTO `area_code` VALUES ('440301000000', '440301', '市辖区');
INSERT INTO `area_code` VALUES ('440303000000', '440303', '罗湖区');
INSERT INTO `area_code` VALUES ('440304000000', '440304', '福田区');
INSERT INTO `area_code` VALUES ('440305000000', '440305', '南山区');
INSERT INTO `area_code` VALUES ('440306000000', '440306', '宝安区');
INSERT INTO `area_code` VALUES ('440307000000', '440307', '龙岗区');
INSERT INTO `area_code` VALUES ('440308000000', '440308', '盐田区');
INSERT INTO `area_code` VALUES ('440400000000', '4404', '珠海市');
INSERT INTO `area_code` VALUES ('440401000000', '440401', '市辖区');
INSERT INTO `area_code` VALUES ('440402000000', '440402', '香洲区');
INSERT INTO `area_code` VALUES ('440403000000', '440403', '斗门区');
INSERT INTO `area_code` VALUES ('440404000000', '440404', '金湾区');
INSERT INTO `area_code` VALUES ('440500000000', '4405', '汕头市');
INSERT INTO `area_code` VALUES ('440501000000', '440501', '市辖区');
INSERT INTO `area_code` VALUES ('440507000000', '440507', '龙湖区');
INSERT INTO `area_code` VALUES ('440511000000', '440511', '金平区');
INSERT INTO `area_code` VALUES ('440512000000', '440512', '濠江区');
INSERT INTO `area_code` VALUES ('440513000000', '440513', '潮阳区');
INSERT INTO `area_code` VALUES ('440514000000', '440514', '潮南区');
INSERT INTO `area_code` VALUES ('440515000000', '440515', '澄海区');
INSERT INTO `area_code` VALUES ('440523000000', '440523', '南澳县');
INSERT INTO `area_code` VALUES ('440600000000', '4406', '佛山市');
INSERT INTO `area_code` VALUES ('440601000000', '440601', '市辖区');
INSERT INTO `area_code` VALUES ('440604000000', '440604', '禅城区');
INSERT INTO `area_code` VALUES ('440605000000', '440605', '南海区');
INSERT INTO `area_code` VALUES ('440606000000', '440606', '顺德区');
INSERT INTO `area_code` VALUES ('440607000000', '440607', '三水区');
INSERT INTO `area_code` VALUES ('440608000000', '440608', '高明区');
INSERT INTO `area_code` VALUES ('440700000000', '4407', '江门市');
INSERT INTO `area_code` VALUES ('440701000000', '440701', '市辖区');
INSERT INTO `area_code` VALUES ('440703000000', '440703', '蓬江区');
INSERT INTO `area_code` VALUES ('440704000000', '440704', '江海区');
INSERT INTO `area_code` VALUES ('440705000000', '440705', '新会区');
INSERT INTO `area_code` VALUES ('440781000000', '440781', '台山市');
INSERT INTO `area_code` VALUES ('440783000000', '440783', '开平市');
INSERT INTO `area_code` VALUES ('440784000000', '440784', '鹤山市');
INSERT INTO `area_code` VALUES ('440785000000', '440785', '恩平市');
INSERT INTO `area_code` VALUES ('440800000000', '4408', '湛江市');
INSERT INTO `area_code` VALUES ('440801000000', '440801', '市辖区');
INSERT INTO `area_code` VALUES ('440802000000', '440802', '赤坎区');
INSERT INTO `area_code` VALUES ('440803000000', '440803', '霞山区');
INSERT INTO `area_code` VALUES ('440804000000', '440804', '坡头区');
INSERT INTO `area_code` VALUES ('440811000000', '440811', '麻章区');
INSERT INTO `area_code` VALUES ('440823000000', '440823', '遂溪县');
INSERT INTO `area_code` VALUES ('440825000000', '440825', '徐闻县');
INSERT INTO `area_code` VALUES ('440881000000', '440881', '廉江市');
INSERT INTO `area_code` VALUES ('440882000000', '440882', '雷州市');
INSERT INTO `area_code` VALUES ('440883000000', '440883', '吴川市');
INSERT INTO `area_code` VALUES ('440900000000', '4409', '茂名市');
INSERT INTO `area_code` VALUES ('440901000000', '440901', '市辖区');
INSERT INTO `area_code` VALUES ('440902000000', '440902', '茂南区');
INSERT INTO `area_code` VALUES ('440903000000', '440903', '茂港区');
INSERT INTO `area_code` VALUES ('440923000000', '440923', '电白县');
INSERT INTO `area_code` VALUES ('440981000000', '440981', '高州市');
INSERT INTO `area_code` VALUES ('440982000000', '440982', '化州市');
INSERT INTO `area_code` VALUES ('440983000000', '440983', '信宜市');
INSERT INTO `area_code` VALUES ('441200000000', '4412', '肇庆市');
INSERT INTO `area_code` VALUES ('441201000000', '441201', '市辖区');
INSERT INTO `area_code` VALUES ('441202000000', '441202', '端州区');
INSERT INTO `area_code` VALUES ('441203000000', '441203', '鼎湖区');
INSERT INTO `area_code` VALUES ('441223000000', '441223', '广宁县');
INSERT INTO `area_code` VALUES ('441224000000', '441224', '怀集县');
INSERT INTO `area_code` VALUES ('441225000000', '441225', '封开县');
INSERT INTO `area_code` VALUES ('441226000000', '441226', '德庆县');
INSERT INTO `area_code` VALUES ('441283000000', '441283', '高要市');
INSERT INTO `area_code` VALUES ('441284000000', '441284', '四会市');
INSERT INTO `area_code` VALUES ('441300000000', '4413', '惠州市');
INSERT INTO `area_code` VALUES ('441301000000', '441301', '市辖区');
INSERT INTO `area_code` VALUES ('441302000000', '441302', '惠城区');
INSERT INTO `area_code` VALUES ('441303000000', '441303', '惠阳区');
INSERT INTO `area_code` VALUES ('441322000000', '441322', '博罗县');
INSERT INTO `area_code` VALUES ('441323000000', '441323', '惠东县');
INSERT INTO `area_code` VALUES ('441324000000', '441324', '龙门县');
INSERT INTO `area_code` VALUES ('441400000000', '4414', '梅州市');
INSERT INTO `area_code` VALUES ('441401000000', '441401', '市辖区');
INSERT INTO `area_code` VALUES ('441402000000', '441402', '梅江区');
INSERT INTO `area_code` VALUES ('441421000000', '441421', '梅县');
INSERT INTO `area_code` VALUES ('441422000000', '441422', '大埔县');
INSERT INTO `area_code` VALUES ('441423000000', '441423', '丰顺县');
INSERT INTO `area_code` VALUES ('441424000000', '441424', '五华县');
INSERT INTO `area_code` VALUES ('441426000000', '441426', '平远县');
INSERT INTO `area_code` VALUES ('441427000000', '441427', '蕉岭县');
INSERT INTO `area_code` VALUES ('441481000000', '441481', '兴宁市');
INSERT INTO `area_code` VALUES ('441500000000', '4415', '汕尾市');
INSERT INTO `area_code` VALUES ('441501000000', '441501', '市辖区');
INSERT INTO `area_code` VALUES ('441502000000', '441502', '城区');
INSERT INTO `area_code` VALUES ('441521000000', '441521', '海丰县');
INSERT INTO `area_code` VALUES ('441523000000', '441523', '陆河县');
INSERT INTO `area_code` VALUES ('441581000000', '441581', '陆丰市');
INSERT INTO `area_code` VALUES ('441600000000', '4416', '河源市');
INSERT INTO `area_code` VALUES ('441601000000', '441601', '市辖区');
INSERT INTO `area_code` VALUES ('441602000000', '441602', '源城区');
INSERT INTO `area_code` VALUES ('441621000000', '441621', '紫金县');
INSERT INTO `area_code` VALUES ('441622000000', '441622', '龙川县');
INSERT INTO `area_code` VALUES ('441623000000', '441623', '连平县');
INSERT INTO `area_code` VALUES ('441624000000', '441624', '和平县');
INSERT INTO `area_code` VALUES ('441625000000', '441625', '东源县');
INSERT INTO `area_code` VALUES ('441700000000', '4417', '阳江市');
INSERT INTO `area_code` VALUES ('441701000000', '441701', '市辖区');
INSERT INTO `area_code` VALUES ('441702000000', '441702', '江城区');
INSERT INTO `area_code` VALUES ('441721000000', '441721', '阳西县');
INSERT INTO `area_code` VALUES ('441723000000', '441723', '阳东县');
INSERT INTO `area_code` VALUES ('441781000000', '441781', '阳春市');
INSERT INTO `area_code` VALUES ('441800000000', '4418', '清远市');
INSERT INTO `area_code` VALUES ('441801000000', '441801', '市辖区');
INSERT INTO `area_code` VALUES ('441802000000', '441802', '清城区');
INSERT INTO `area_code` VALUES ('441821000000', '441821', '佛冈县');
INSERT INTO `area_code` VALUES ('441823000000', '441823', '阳山县');
INSERT INTO `area_code` VALUES ('441825000000', '441825', '连山壮族瑶族自治县');
INSERT INTO `area_code` VALUES ('441826000000', '441826', '连南瑶族自治县');
INSERT INTO `area_code` VALUES ('441827000000', '441827', '清新县');
INSERT INTO `area_code` VALUES ('441881000000', '441881', '英德市');
INSERT INTO `area_code` VALUES ('441882000000', '441882', '连州市');
INSERT INTO `area_code` VALUES ('441900000000', '4419', '东莞市');
INSERT INTO `area_code` VALUES ('442000000000', '4420', '中山市');
INSERT INTO `area_code` VALUES ('445100000000', '4451', '潮州市');
INSERT INTO `area_code` VALUES ('445101000000', '445101', '市辖区');
INSERT INTO `area_code` VALUES ('445102000000', '445102', '湘桥区');
INSERT INTO `area_code` VALUES ('445121000000', '445121', '潮安县');
INSERT INTO `area_code` VALUES ('445122000000', '445122', '饶平县');
INSERT INTO `area_code` VALUES ('445200000000', '4452', '揭阳市');
INSERT INTO `area_code` VALUES ('445201000000', '445201', '市辖区');
INSERT INTO `area_code` VALUES ('445202000000', '445202', '榕城区');
INSERT INTO `area_code` VALUES ('445221000000', '445221', '揭东县');
INSERT INTO `area_code` VALUES ('445222000000', '445222', '揭西县');
INSERT INTO `area_code` VALUES ('445224000000', '445224', '惠来县');
INSERT INTO `area_code` VALUES ('445281000000', '445281', '普宁市');
INSERT INTO `area_code` VALUES ('445300000000', '4453', '云浮市');
INSERT INTO `area_code` VALUES ('445301000000', '445301', '市辖区');
INSERT INTO `area_code` VALUES ('445302000000', '445302', '云城区');
INSERT INTO `area_code` VALUES ('445321000000', '445321', '新兴县');
INSERT INTO `area_code` VALUES ('445322000000', '445322', '郁南县');
INSERT INTO `area_code` VALUES ('445323000000', '445323', '云安县');
INSERT INTO `area_code` VALUES ('445381000000', '445381', '罗定市');
INSERT INTO `area_code` VALUES ('450000000000', '45', '广西壮族自治区');
INSERT INTO `area_code` VALUES ('450100000000', '4501', '南宁市');
INSERT INTO `area_code` VALUES ('450101000000', '450101', '市辖区');
INSERT INTO `area_code` VALUES ('450102000000', '450102', '兴宁区');
INSERT INTO `area_code` VALUES ('450103000000', '450103', '青秀区');
INSERT INTO `area_code` VALUES ('450105000000', '450105', '江南区');
INSERT INTO `area_code` VALUES ('450107000000', '450107', '西乡塘区');
INSERT INTO `area_code` VALUES ('450108000000', '450108', '良庆区');
INSERT INTO `area_code` VALUES ('450109000000', '450109', '邕宁区');
INSERT INTO `area_code` VALUES ('450122000000', '450122', '武鸣县');
INSERT INTO `area_code` VALUES ('450123000000', '450123', '隆安县');
INSERT INTO `area_code` VALUES ('450124000000', '450124', '马山县');
INSERT INTO `area_code` VALUES ('450125000000', '450125', '上林县');
INSERT INTO `area_code` VALUES ('450126000000', '450126', '宾阳县');
INSERT INTO `area_code` VALUES ('450127000000', '450127', '横县');
INSERT INTO `area_code` VALUES ('450200000000', '4502', '柳州市');
INSERT INTO `area_code` VALUES ('450201000000', '450201', '市辖区');
INSERT INTO `area_code` VALUES ('450202000000', '450202', '城中区');
INSERT INTO `area_code` VALUES ('450203000000', '450203', '鱼峰区');
INSERT INTO `area_code` VALUES ('450204000000', '450204', '柳南区');
INSERT INTO `area_code` VALUES ('450205000000', '450205', '柳北区');
INSERT INTO `area_code` VALUES ('450221000000', '450221', '柳江县');
INSERT INTO `area_code` VALUES ('450222000000', '450222', '柳城县');
INSERT INTO `area_code` VALUES ('450223000000', '450223', '鹿寨县');
INSERT INTO `area_code` VALUES ('450224000000', '450224', '融安县');
INSERT INTO `area_code` VALUES ('450225000000', '450225', '融水苗族自治县');
INSERT INTO `area_code` VALUES ('450226000000', '450226', '三江侗族自治县');
INSERT INTO `area_code` VALUES ('450300000000', '4503', '桂林市');
INSERT INTO `area_code` VALUES ('450301000000', '450301', '市辖区');
INSERT INTO `area_code` VALUES ('450302000000', '450302', '秀峰区');
INSERT INTO `area_code` VALUES ('450303000000', '450303', '叠彩区');
INSERT INTO `area_code` VALUES ('450304000000', '450304', '象山区');
INSERT INTO `area_code` VALUES ('450305000000', '450305', '七星区');
INSERT INTO `area_code` VALUES ('450311000000', '450311', '雁山区');
INSERT INTO `area_code` VALUES ('450321000000', '450321', '阳朔县');
INSERT INTO `area_code` VALUES ('450322000000', '450322', '临桂县');
INSERT INTO `area_code` VALUES ('450323000000', '450323', '灵川县');
INSERT INTO `area_code` VALUES ('450324000000', '450324', '全州县');
INSERT INTO `area_code` VALUES ('450325000000', '450325', '兴安县');
INSERT INTO `area_code` VALUES ('450326000000', '450326', '永福县');
INSERT INTO `area_code` VALUES ('450327000000', '450327', '灌阳县');
INSERT INTO `area_code` VALUES ('450328000000', '450328', '龙胜各族自治县');
INSERT INTO `area_code` VALUES ('450329000000', '450329', '资源县');
INSERT INTO `area_code` VALUES ('450330000000', '450330', '平乐县');
INSERT INTO `area_code` VALUES ('450331000000', '450331', '荔蒲县');
INSERT INTO `area_code` VALUES ('450332000000', '450332', '恭城瑶族自治县');
INSERT INTO `area_code` VALUES ('450400000000', '4504', '梧州市');
INSERT INTO `area_code` VALUES ('450401000000', '450401', '市辖区');
INSERT INTO `area_code` VALUES ('450403000000', '450403', '万秀区');
INSERT INTO `area_code` VALUES ('450404000000', '450404', '蝶山区');
INSERT INTO `area_code` VALUES ('450405000000', '450405', '长洲区');
INSERT INTO `area_code` VALUES ('450421000000', '450421', '苍梧县');
INSERT INTO `area_code` VALUES ('450422000000', '450422', '藤县');
INSERT INTO `area_code` VALUES ('450423000000', '450423', '蒙山县');
INSERT INTO `area_code` VALUES ('450481000000', '450481', '岑溪市');
INSERT INTO `area_code` VALUES ('450500000000', '4505', '北海市');
INSERT INTO `area_code` VALUES ('450501000000', '450501', '市辖区');
INSERT INTO `area_code` VALUES ('450502000000', '450502', '海城区');
INSERT INTO `area_code` VALUES ('450503000000', '450503', '银海区');
INSERT INTO `area_code` VALUES ('450512000000', '450512', '铁山港区');
INSERT INTO `area_code` VALUES ('450521000000', '450521', '合浦县');
INSERT INTO `area_code` VALUES ('450600000000', '4506', '防城港市');
INSERT INTO `area_code` VALUES ('450601000000', '450601', '市辖区');
INSERT INTO `area_code` VALUES ('450602000000', '450602', '港口区');
INSERT INTO `area_code` VALUES ('450603000000', '450603', '防城区');
INSERT INTO `area_code` VALUES ('450621000000', '450621', '上思县');
INSERT INTO `area_code` VALUES ('450681000000', '450681', '东兴市');
INSERT INTO `area_code` VALUES ('450700000000', '4507', '钦州市');
INSERT INTO `area_code` VALUES ('450701000000', '450701', '市辖区');
INSERT INTO `area_code` VALUES ('450702000000', '450702', '钦南区');
INSERT INTO `area_code` VALUES ('450703000000', '450703', '钦北区');
INSERT INTO `area_code` VALUES ('450721000000', '450721', '灵山县');
INSERT INTO `area_code` VALUES ('450722000000', '450722', '浦北县');
INSERT INTO `area_code` VALUES ('450800000000', '4508', '贵港市');
INSERT INTO `area_code` VALUES ('450801000000', '450801', '市辖区');
INSERT INTO `area_code` VALUES ('450802000000', '450802', '港北区');
INSERT INTO `area_code` VALUES ('450803000000', '450803', '港南区');
INSERT INTO `area_code` VALUES ('450804000000', '450804', '覃塘区');
INSERT INTO `area_code` VALUES ('450821000000', '450821', '平南县');
INSERT INTO `area_code` VALUES ('450881000000', '450881', '桂平市');
INSERT INTO `area_code` VALUES ('450900000000', '4509', '玉林市');
INSERT INTO `area_code` VALUES ('450901000000', '450901', '市辖区');
INSERT INTO `area_code` VALUES ('450902000000', '450902', '玉州区');
INSERT INTO `area_code` VALUES ('450921000000', '450921', '容县');
INSERT INTO `area_code` VALUES ('450922000000', '450922', '陆川县');
INSERT INTO `area_code` VALUES ('450923000000', '450923', '博白县');
INSERT INTO `area_code` VALUES ('450924000000', '450924', '兴业县');
INSERT INTO `area_code` VALUES ('450981000000', '450981', '北流市');
INSERT INTO `area_code` VALUES ('451000000000', '4510', '百色市');
INSERT INTO `area_code` VALUES ('451001000000', '451001', '市辖区');
INSERT INTO `area_code` VALUES ('451002000000', '451002', '右江区');
INSERT INTO `area_code` VALUES ('451021000000', '451021', '田阳县');
INSERT INTO `area_code` VALUES ('451022000000', '451022', '田东县');
INSERT INTO `area_code` VALUES ('451023000000', '451023', '平果县');
INSERT INTO `area_code` VALUES ('451024000000', '451024', '德保县');
INSERT INTO `area_code` VALUES ('451025000000', '451025', '靖西县');
INSERT INTO `area_code` VALUES ('451026000000', '451026', '那坡县');
INSERT INTO `area_code` VALUES ('451027000000', '451027', '凌云县');
INSERT INTO `area_code` VALUES ('451028000000', '451028', '乐业县');
INSERT INTO `area_code` VALUES ('451029000000', '451029', '田林县');
INSERT INTO `area_code` VALUES ('451030000000', '451030', '西林县');
INSERT INTO `area_code` VALUES ('451031000000', '451031', '隆林各族自治县');
INSERT INTO `area_code` VALUES ('451100000000', '4511', '贺州市');
INSERT INTO `area_code` VALUES ('451101000000', '451101', '市辖区');
INSERT INTO `area_code` VALUES ('451102000000', '451102', '八步区');
INSERT INTO `area_code` VALUES ('451119000000', '451119', '平桂管理区');
INSERT INTO `area_code` VALUES ('451121000000', '451121', '昭平县');
INSERT INTO `area_code` VALUES ('451122000000', '451122', '钟山县');
INSERT INTO `area_code` VALUES ('451123000000', '451123', '富川瑶族自治县');
INSERT INTO `area_code` VALUES ('451200000000', '4512', '河池市');
INSERT INTO `area_code` VALUES ('451201000000', '451201', '市辖区');
INSERT INTO `area_code` VALUES ('451202000000', '451202', '金城江区');
INSERT INTO `area_code` VALUES ('451221000000', '451221', '南丹县');
INSERT INTO `area_code` VALUES ('451222000000', '451222', '天峨县');
INSERT INTO `area_code` VALUES ('451223000000', '451223', '凤山县');
INSERT INTO `area_code` VALUES ('451224000000', '451224', '东兰县');
INSERT INTO `area_code` VALUES ('451225000000', '451225', '罗城仫佬族自治县');
INSERT INTO `area_code` VALUES ('451226000000', '451226', '环江毛南族自治县');
INSERT INTO `area_code` VALUES ('451227000000', '451227', '巴马瑶族自治县');
INSERT INTO `area_code` VALUES ('451228000000', '451228', '都安瑶族自治县');
INSERT INTO `area_code` VALUES ('451229000000', '451229', '大化瑶族自治县');
INSERT INTO `area_code` VALUES ('451281000000', '451281', '宜州市');
INSERT INTO `area_code` VALUES ('451300000000', '4513', '来宾市');
INSERT INTO `area_code` VALUES ('451301000000', '451301', '市辖区');
INSERT INTO `area_code` VALUES ('451302000000', '451302', '兴宾区');
INSERT INTO `area_code` VALUES ('451321000000', '451321', '忻城县');
INSERT INTO `area_code` VALUES ('451322000000', '451322', '象州县');
INSERT INTO `area_code` VALUES ('451323000000', '451323', '武宣县');
INSERT INTO `area_code` VALUES ('451324000000', '451324', '金秀瑶族自治县');
INSERT INTO `area_code` VALUES ('451381000000', '451381', '合山市');
INSERT INTO `area_code` VALUES ('451400000000', '4514', '崇左市');
INSERT INTO `area_code` VALUES ('451401000000', '451401', '市辖区');
INSERT INTO `area_code` VALUES ('451402000000', '451402', '江洲区');
INSERT INTO `area_code` VALUES ('451421000000', '451421', '扶绥县');
INSERT INTO `area_code` VALUES ('451422000000', '451422', '宁明县');
INSERT INTO `area_code` VALUES ('451423000000', '451423', '龙州县');
INSERT INTO `area_code` VALUES ('451424000000', '451424', '大新县');
INSERT INTO `area_code` VALUES ('451425000000', '451425', '天等县');
INSERT INTO `area_code` VALUES ('451481000000', '451481', '凭祥市');
INSERT INTO `area_code` VALUES ('460000000000', '46', '海南省');
INSERT INTO `area_code` VALUES ('460100000000', '4601', '海口市');
INSERT INTO `area_code` VALUES ('460101000000', '460101', '市辖区');
INSERT INTO `area_code` VALUES ('460105000000', '460105', '秀英区');
INSERT INTO `area_code` VALUES ('460106000000', '460106', '龙华区');
INSERT INTO `area_code` VALUES ('460107000000', '460107', '琼山区');
INSERT INTO `area_code` VALUES ('460108000000', '460108', '美兰区');
INSERT INTO `area_code` VALUES ('460200000000', '4602', '三亚市');
INSERT INTO `area_code` VALUES ('460201000000', '460201', '市辖区');
INSERT INTO `area_code` VALUES ('469000000000', '4690', '省直辖县级行政区划');
INSERT INTO `area_code` VALUES ('469001000000', '469001', '五指山市');
INSERT INTO `area_code` VALUES ('469002000000', '469002', '琼海市');
INSERT INTO `area_code` VALUES ('469003000000', '469003', '儋州市');
INSERT INTO `area_code` VALUES ('469005000000', '469005', '文昌市');
INSERT INTO `area_code` VALUES ('469006000000', '469006', '万宁市');
INSERT INTO `area_code` VALUES ('469007000000', '469007', '东方市');
INSERT INTO `area_code` VALUES ('469021000000', '469021', '定安县');
INSERT INTO `area_code` VALUES ('469022000000', '469022', '屯昌县');
INSERT INTO `area_code` VALUES ('469023000000', '469023', '澄迈县');
INSERT INTO `area_code` VALUES ('469024000000', '469024', '临高县');
INSERT INTO `area_code` VALUES ('469025000000', '469025', '白沙黎族自治县');
INSERT INTO `area_code` VALUES ('469026000000', '469026', '昌江黎族自治县');
INSERT INTO `area_code` VALUES ('469027000000', '469027', '乐东黎族自治县');
INSERT INTO `area_code` VALUES ('469028000000', '469028', '陵水黎族自治县');
INSERT INTO `area_code` VALUES ('469029000000', '469029', '保亭黎族苗族自治县');
INSERT INTO `area_code` VALUES ('469030000000', '469030', '琼中黎族苗族自治县');
INSERT INTO `area_code` VALUES ('469031000000', '469031', '西沙群岛');
INSERT INTO `area_code` VALUES ('469032000000', '469032', '南沙群岛');
INSERT INTO `area_code` VALUES ('469033000000', '469033', '中沙群岛的岛礁及其海域');
INSERT INTO `area_code` VALUES ('500000000000', '50', '重庆市');
INSERT INTO `area_code` VALUES ('500100000000', '5001', '市辖区');
INSERT INTO `area_code` VALUES ('500101000000', '500101', '万州区');
INSERT INTO `area_code` VALUES ('500102000000', '500102', '涪陵区');
INSERT INTO `area_code` VALUES ('500103000000', '500103', '渝中区');
INSERT INTO `area_code` VALUES ('500104000000', '500104', '大渡口区');
INSERT INTO `area_code` VALUES ('500105000000', '500105', '江北区');
INSERT INTO `area_code` VALUES ('500106000000', '500106', '沙坪坝区');
INSERT INTO `area_code` VALUES ('500107000000', '500107', '九龙坡区');
INSERT INTO `area_code` VALUES ('500108000000', '500108', '南岸区');
INSERT INTO `area_code` VALUES ('500109000000', '500109', '北碚区');
INSERT INTO `area_code` VALUES ('500110000000', '500110', '綦江区');
INSERT INTO `area_code` VALUES ('500111000000', '500111', '大足区');
INSERT INTO `area_code` VALUES ('500112000000', '500112', '渝北区');
INSERT INTO `area_code` VALUES ('500113000000', '500113', '巴南区');
INSERT INTO `area_code` VALUES ('500114000000', '500114', '黔江区');
INSERT INTO `area_code` VALUES ('500115000000', '500115', '长寿区');
INSERT INTO `area_code` VALUES ('500116000000', '500116', '江津区');
INSERT INTO `area_code` VALUES ('500117000000', '500117', '合川区');
INSERT INTO `area_code` VALUES ('500118000000', '500118', '永川区');
INSERT INTO `area_code` VALUES ('500119000000', '500119', '南川区');
INSERT INTO `area_code` VALUES ('500120000000', '500120', '璧山区');
INSERT INTO `area_code` VALUES ('500151000000', '500151', '铜梁区');
INSERT INTO `area_code` VALUES ('500152000000', '500152', '潼南区');
INSERT INTO `area_code` VALUES ('500153000000', '500153', '荣昌区');
INSERT INTO `area_code` VALUES ('500154000000', '500154', '开州区');
INSERT INTO `area_code` VALUES ('500155000000', '500155', '梁平区');
INSERT INTO `area_code` VALUES ('500156000000', '500156', '武隆区');
INSERT INTO `area_code` VALUES ('500200000000', '5002', '县');
INSERT INTO `area_code` VALUES ('500229000000', '500229', '城口县');
INSERT INTO `area_code` VALUES ('500230000000', '500230', '丰都县');
INSERT INTO `area_code` VALUES ('500231000000', '500231', '垫江县');
INSERT INTO `area_code` VALUES ('500233000000', '500233', '忠县');
INSERT INTO `area_code` VALUES ('500235000000', '500235', '云阳县');
INSERT INTO `area_code` VALUES ('500236000000', '500236', '奉节县');
INSERT INTO `area_code` VALUES ('500237000000', '500237', '巫山县');
INSERT INTO `area_code` VALUES ('500238000000', '500238', '巫溪县');
INSERT INTO `area_code` VALUES ('500240000000', '500240', '石柱土家族自治县');
INSERT INTO `area_code` VALUES ('500241000000', '500241', '秀山土家族苗族自治县');
INSERT INTO `area_code` VALUES ('500242000000', '500242', '酉阳土家族苗族自治县');
INSERT INTO `area_code` VALUES ('500243000000', '500243', '彭水苗族土家族自治县');
INSERT INTO `area_code` VALUES ('510000000000', '51', '四川省');
INSERT INTO `area_code` VALUES ('510100000000', '5101', '成都市');
INSERT INTO `area_code` VALUES ('510101000000', '510101', '市辖区');
INSERT INTO `area_code` VALUES ('510104000000', '510104', '锦江区');
INSERT INTO `area_code` VALUES ('510105000000', '510105', '青羊区');
INSERT INTO `area_code` VALUES ('510106000000', '510106', '金牛区');
INSERT INTO `area_code` VALUES ('510107000000', '510107', '武侯区');
INSERT INTO `area_code` VALUES ('510108000000', '510108', '成华区');
INSERT INTO `area_code` VALUES ('510112000000', '510112', '龙泉驿区');
INSERT INTO `area_code` VALUES ('510113000000', '510113', '青白江区');
INSERT INTO `area_code` VALUES ('510114000000', '510114', '新都区');
INSERT INTO `area_code` VALUES ('510115000000', '510115', '温江区');
INSERT INTO `area_code` VALUES ('510121000000', '510121', '金堂县');
INSERT INTO `area_code` VALUES ('510122000000', '510122', '双流县');
INSERT INTO `area_code` VALUES ('510124000000', '510124', '郫县');
INSERT INTO `area_code` VALUES ('510129000000', '510129', '大邑县');
INSERT INTO `area_code` VALUES ('510131000000', '510131', '蒲江县');
INSERT INTO `area_code` VALUES ('510132000000', '510132', '新津县');
INSERT INTO `area_code` VALUES ('510181000000', '510181', '都江堰市');
INSERT INTO `area_code` VALUES ('510182000000', '510182', '彭州市');
INSERT INTO `area_code` VALUES ('510183000000', '510183', '邛崃市');
INSERT INTO `area_code` VALUES ('510184000000', '510184', '崇州市');
INSERT INTO `area_code` VALUES ('510300000000', '5103', '自贡市');
INSERT INTO `area_code` VALUES ('510301000000', '510301', '市辖区');
INSERT INTO `area_code` VALUES ('510302000000', '510302', '自流井区');
INSERT INTO `area_code` VALUES ('510303000000', '510303', '贡井区');
INSERT INTO `area_code` VALUES ('510304000000', '510304', '大安区');
INSERT INTO `area_code` VALUES ('510311000000', '510311', '沿滩区');
INSERT INTO `area_code` VALUES ('510321000000', '510321', '荣县');
INSERT INTO `area_code` VALUES ('510322000000', '510322', '富顺县');
INSERT INTO `area_code` VALUES ('510400000000', '5104', '攀枝花市');
INSERT INTO `area_code` VALUES ('510401000000', '510401', '市辖区');
INSERT INTO `area_code` VALUES ('510402000000', '510402', '东区');
INSERT INTO `area_code` VALUES ('510403000000', '510403', '西区');
INSERT INTO `area_code` VALUES ('510411000000', '510411', '仁和区');
INSERT INTO `area_code` VALUES ('510421000000', '510421', '米易县');
INSERT INTO `area_code` VALUES ('510422000000', '510422', '盐边县');
INSERT INTO `area_code` VALUES ('510500000000', '5105', '泸州市');
INSERT INTO `area_code` VALUES ('510501000000', '510501', '市辖区');
INSERT INTO `area_code` VALUES ('510502000000', '510502', '江阳区');
INSERT INTO `area_code` VALUES ('510503000000', '510503', '纳溪区');
INSERT INTO `area_code` VALUES ('510504000000', '510504', '龙马潭区');
INSERT INTO `area_code` VALUES ('510521000000', '510521', '泸县');
INSERT INTO `area_code` VALUES ('510522000000', '510522', '合江县');
INSERT INTO `area_code` VALUES ('510524000000', '510524', '叙永县');
INSERT INTO `area_code` VALUES ('510525000000', '510525', '古蔺县');
INSERT INTO `area_code` VALUES ('510600000000', '5106', '德阳市');
INSERT INTO `area_code` VALUES ('510601000000', '510601', '市辖区');
INSERT INTO `area_code` VALUES ('510603000000', '510603', '旌阳区');
INSERT INTO `area_code` VALUES ('510623000000', '510623', '中江县');
INSERT INTO `area_code` VALUES ('510626000000', '510626', '罗江县');
INSERT INTO `area_code` VALUES ('510681000000', '510681', '广汉市');
INSERT INTO `area_code` VALUES ('510682000000', '510682', '什邡市');
INSERT INTO `area_code` VALUES ('510683000000', '510683', '绵竹市');
INSERT INTO `area_code` VALUES ('510700000000', '5107', '绵阳市');
INSERT INTO `area_code` VALUES ('510701000000', '510701', '市辖区');
INSERT INTO `area_code` VALUES ('510703000000', '510703', '涪城区');
INSERT INTO `area_code` VALUES ('510704000000', '510704', '游仙区');
INSERT INTO `area_code` VALUES ('510722000000', '510722', '三台县');
INSERT INTO `area_code` VALUES ('510723000000', '510723', '盐亭县');
INSERT INTO `area_code` VALUES ('510724000000', '510724', '安县');
INSERT INTO `area_code` VALUES ('510725000000', '510725', '梓潼县');
INSERT INTO `area_code` VALUES ('510726000000', '510726', '北川羌族自治县');
INSERT INTO `area_code` VALUES ('510727000000', '510727', '平武县');
INSERT INTO `area_code` VALUES ('510781000000', '510781', '江油市');
INSERT INTO `area_code` VALUES ('510800000000', '5108', '广元市');
INSERT INTO `area_code` VALUES ('510801000000', '510801', '市辖区');
INSERT INTO `area_code` VALUES ('510802000000', '510802', '市中区');
INSERT INTO `area_code` VALUES ('510811000000', '510811', '元坝区');
INSERT INTO `area_code` VALUES ('510812000000', '510812', '朝天区');
INSERT INTO `area_code` VALUES ('510821000000', '510821', '旺苍县');
INSERT INTO `area_code` VALUES ('510822000000', '510822', '青川县');
INSERT INTO `area_code` VALUES ('510823000000', '510823', '剑阁县');
INSERT INTO `area_code` VALUES ('510824000000', '510824', '苍溪县');
INSERT INTO `area_code` VALUES ('510900000000', '5109', '遂宁市');
INSERT INTO `area_code` VALUES ('510901000000', '510901', '市辖区');
INSERT INTO `area_code` VALUES ('510903000000', '510903', '船山区');
INSERT INTO `area_code` VALUES ('510904000000', '510904', '安居区');
INSERT INTO `area_code` VALUES ('510921000000', '510921', '蓬溪县');
INSERT INTO `area_code` VALUES ('510922000000', '510922', '射洪县');
INSERT INTO `area_code` VALUES ('510923000000', '510923', '大英县');
INSERT INTO `area_code` VALUES ('511000000000', '5110', '内江市');
INSERT INTO `area_code` VALUES ('511001000000', '511001', '市辖区');
INSERT INTO `area_code` VALUES ('511002000000', '511002', '市中区');
INSERT INTO `area_code` VALUES ('511011000000', '511011', '东兴区');
INSERT INTO `area_code` VALUES ('511024000000', '511024', '威远县');
INSERT INTO `area_code` VALUES ('511025000000', '511025', '资中县');
INSERT INTO `area_code` VALUES ('511028000000', '511028', '隆昌县');
INSERT INTO `area_code` VALUES ('511100000000', '5111', '乐山市');
INSERT INTO `area_code` VALUES ('511101000000', '511101', '市辖区');
INSERT INTO `area_code` VALUES ('511102000000', '511102', '市中区');
INSERT INTO `area_code` VALUES ('511111000000', '511111', '沙湾区');
INSERT INTO `area_code` VALUES ('511112000000', '511112', '五通桥区');
INSERT INTO `area_code` VALUES ('511113000000', '511113', '金口河区');
INSERT INTO `area_code` VALUES ('511123000000', '511123', '犍为县');
INSERT INTO `area_code` VALUES ('511124000000', '511124', '井研县');
INSERT INTO `area_code` VALUES ('511126000000', '511126', '夹江县');
INSERT INTO `area_code` VALUES ('511129000000', '511129', '沐川县');
INSERT INTO `area_code` VALUES ('511132000000', '511132', '峨边彝族自治县');
INSERT INTO `area_code` VALUES ('511133000000', '511133', '马边彝族自治县');
INSERT INTO `area_code` VALUES ('511181000000', '511181', '峨眉山市');
INSERT INTO `area_code` VALUES ('511300000000', '5113', '南充市');
INSERT INTO `area_code` VALUES ('511301000000', '511301', '市辖区');
INSERT INTO `area_code` VALUES ('511302000000', '511302', '顺庆区');
INSERT INTO `area_code` VALUES ('511303000000', '511303', '高坪区');
INSERT INTO `area_code` VALUES ('511304000000', '511304', '嘉陵区');
INSERT INTO `area_code` VALUES ('511321000000', '511321', '南部县');
INSERT INTO `area_code` VALUES ('511322000000', '511322', '营山县');
INSERT INTO `area_code` VALUES ('511323000000', '511323', '蓬安县');
INSERT INTO `area_code` VALUES ('511324000000', '511324', '仪陇县');
INSERT INTO `area_code` VALUES ('511325000000', '511325', '西充县');
INSERT INTO `area_code` VALUES ('511381000000', '511381', '阆中市');
INSERT INTO `area_code` VALUES ('511400000000', '5114', '眉山市');
INSERT INTO `area_code` VALUES ('511401000000', '511401', '市辖区');
INSERT INTO `area_code` VALUES ('511402000000', '511402', '东坡区');
INSERT INTO `area_code` VALUES ('511421000000', '511421', '仁寿县');
INSERT INTO `area_code` VALUES ('511422000000', '511422', '彭山县');
INSERT INTO `area_code` VALUES ('511423000000', '511423', '洪雅县');
INSERT INTO `area_code` VALUES ('511424000000', '511424', '丹棱县');
INSERT INTO `area_code` VALUES ('511425000000', '511425', '青神县');
INSERT INTO `area_code` VALUES ('511500000000', '5115', '宜宾市');
INSERT INTO `area_code` VALUES ('511501000000', '511501', '市辖区');
INSERT INTO `area_code` VALUES ('511502000000', '511502', '翠屏区');
INSERT INTO `area_code` VALUES ('511521000000', '511521', '宜宾县');
INSERT INTO `area_code` VALUES ('511522000000', '511522', '南溪县');
INSERT INTO `area_code` VALUES ('511523000000', '511523', '江安县');
INSERT INTO `area_code` VALUES ('511524000000', '511524', '长宁县');
INSERT INTO `area_code` VALUES ('511525000000', '511525', '高县');
INSERT INTO `area_code` VALUES ('511526000000', '511526', '珙县');
INSERT INTO `area_code` VALUES ('511527000000', '511527', '筠连县');
INSERT INTO `area_code` VALUES ('511528000000', '511528', '兴文县');
INSERT INTO `area_code` VALUES ('511529000000', '511529', '屏山县');
INSERT INTO `area_code` VALUES ('511600000000', '5116', '广安市');
INSERT INTO `area_code` VALUES ('511601000000', '511601', '市辖区');
INSERT INTO `area_code` VALUES ('511602000000', '511602', '广安区');
INSERT INTO `area_code` VALUES ('511621000000', '511621', '岳池县');
INSERT INTO `area_code` VALUES ('511622000000', '511622', '武胜县');
INSERT INTO `area_code` VALUES ('511623000000', '511623', '邻水县');
INSERT INTO `area_code` VALUES ('511681000000', '511681', '华蓥市');
INSERT INTO `area_code` VALUES ('511700000000', '5117', '达州市');
INSERT INTO `area_code` VALUES ('511701000000', '511701', '市辖区');
INSERT INTO `area_code` VALUES ('511702000000', '511702', '通川区');
INSERT INTO `area_code` VALUES ('511721000000', '511721', '达县');
INSERT INTO `area_code` VALUES ('511722000000', '511722', '宣汉县');
INSERT INTO `area_code` VALUES ('511723000000', '511723', '开江县');
INSERT INTO `area_code` VALUES ('511724000000', '511724', '大竹县');
INSERT INTO `area_code` VALUES ('511725000000', '511725', '渠县');
INSERT INTO `area_code` VALUES ('511781000000', '511781', '万源市');
INSERT INTO `area_code` VALUES ('511800000000', '5118', '雅安市');
INSERT INTO `area_code` VALUES ('511801000000', '511801', '市辖区');
INSERT INTO `area_code` VALUES ('511802000000', '511802', '雨城区');
INSERT INTO `area_code` VALUES ('511821000000', '511821', '名山县');
INSERT INTO `area_code` VALUES ('511822000000', '511822', '荥经县');
INSERT INTO `area_code` VALUES ('511823000000', '511823', '汉源县');
INSERT INTO `area_code` VALUES ('511824000000', '511824', '石棉县');
INSERT INTO `area_code` VALUES ('511825000000', '511825', '天全县');
INSERT INTO `area_code` VALUES ('511826000000', '511826', '芦山县');
INSERT INTO `area_code` VALUES ('511827000000', '511827', '宝兴县');
INSERT INTO `area_code` VALUES ('511900000000', '5119', '巴中市');
INSERT INTO `area_code` VALUES ('511901000000', '511901', '市辖区');
INSERT INTO `area_code` VALUES ('511902000000', '511902', '巴州区');
INSERT INTO `area_code` VALUES ('511921000000', '511921', '通江县');
INSERT INTO `area_code` VALUES ('511922000000', '511922', '南江县');
INSERT INTO `area_code` VALUES ('511923000000', '511923', '平昌县');
INSERT INTO `area_code` VALUES ('512000000000', '5120', '资阳市');
INSERT INTO `area_code` VALUES ('512001000000', '512001', '市辖区');
INSERT INTO `area_code` VALUES ('512002000000', '512002', '雁江区');
INSERT INTO `area_code` VALUES ('512021000000', '512021', '安岳县');
INSERT INTO `area_code` VALUES ('512022000000', '512022', '乐至县');
INSERT INTO `area_code` VALUES ('512081000000', '512081', '简阳市');
INSERT INTO `area_code` VALUES ('513200000000', '5132', '阿坝藏族羌族自治州');
INSERT INTO `area_code` VALUES ('513221000000', '513221', '汶川县');
INSERT INTO `area_code` VALUES ('513222000000', '513222', '理县');
INSERT INTO `area_code` VALUES ('513223000000', '513223', '茂县');
INSERT INTO `area_code` VALUES ('513224000000', '513224', '松潘县');
INSERT INTO `area_code` VALUES ('513225000000', '513225', '九寨沟县');
INSERT INTO `area_code` VALUES ('513226000000', '513226', '金川县');
INSERT INTO `area_code` VALUES ('513227000000', '513227', '小金县');
INSERT INTO `area_code` VALUES ('513228000000', '513228', '黑水县');
INSERT INTO `area_code` VALUES ('513229000000', '513229', '马尔康县');
INSERT INTO `area_code` VALUES ('513230000000', '513230', '壤塘县');
INSERT INTO `area_code` VALUES ('513231000000', '513231', '阿坝县');
INSERT INTO `area_code` VALUES ('513232000000', '513232', '若尔盖县');
INSERT INTO `area_code` VALUES ('513233000000', '513233', '红原县');
INSERT INTO `area_code` VALUES ('513300000000', '5133', '甘孜藏族自治州');
INSERT INTO `area_code` VALUES ('513321000000', '513321', '康定县');
INSERT INTO `area_code` VALUES ('513322000000', '513322', '泸定县');
INSERT INTO `area_code` VALUES ('513323000000', '513323', '丹巴县');
INSERT INTO `area_code` VALUES ('513324000000', '513324', '九龙县');
INSERT INTO `area_code` VALUES ('513325000000', '513325', '雅江县');
INSERT INTO `area_code` VALUES ('513326000000', '513326', '道孚县');
INSERT INTO `area_code` VALUES ('513327000000', '513327', '炉霍县');
INSERT INTO `area_code` VALUES ('513328000000', '513328', '甘孜县');
INSERT INTO `area_code` VALUES ('513329000000', '513329', '新龙县');
INSERT INTO `area_code` VALUES ('513330000000', '513330', '德格县');
INSERT INTO `area_code` VALUES ('513331000000', '513331', '白玉县');
INSERT INTO `area_code` VALUES ('513332000000', '513332', '石渠县');
INSERT INTO `area_code` VALUES ('513333000000', '513333', '色达县');
INSERT INTO `area_code` VALUES ('513334000000', '513334', '理塘县');
INSERT INTO `area_code` VALUES ('513335000000', '513335', '巴塘县');
INSERT INTO `area_code` VALUES ('513336000000', '513336', '乡城县');
INSERT INTO `area_code` VALUES ('513337000000', '513337', '稻城县');
INSERT INTO `area_code` VALUES ('513338000000', '513338', '得荣县');
INSERT INTO `area_code` VALUES ('513400000000', '5134', '凉山彝族自治州');
INSERT INTO `area_code` VALUES ('513401000000', '513401', '西昌市');
INSERT INTO `area_code` VALUES ('513422000000', '513422', '木里藏族自治县');
INSERT INTO `area_code` VALUES ('513423000000', '513423', '盐源县');
INSERT INTO `area_code` VALUES ('513424000000', '513424', '德昌县');
INSERT INTO `area_code` VALUES ('513425000000', '513425', '会理县');
INSERT INTO `area_code` VALUES ('513426000000', '513426', '会东县');
INSERT INTO `area_code` VALUES ('513427000000', '513427', '宁南县');
INSERT INTO `area_code` VALUES ('513428000000', '513428', '普格县');
INSERT INTO `area_code` VALUES ('513429000000', '513429', '布拖县');
INSERT INTO `area_code` VALUES ('513430000000', '513430', '金阳县');
INSERT INTO `area_code` VALUES ('513431000000', '513431', '昭觉县');
INSERT INTO `area_code` VALUES ('513432000000', '513432', '喜德县');
INSERT INTO `area_code` VALUES ('513433000000', '513433', '冕宁县');
INSERT INTO `area_code` VALUES ('513434000000', '513434', '越西县');
INSERT INTO `area_code` VALUES ('513435000000', '513435', '甘洛县');
INSERT INTO `area_code` VALUES ('513436000000', '513436', '美姑县');
INSERT INTO `area_code` VALUES ('513437000000', '513437', '雷波县');
INSERT INTO `area_code` VALUES ('520000000000', '52', '贵州省');
INSERT INTO `area_code` VALUES ('520100000000', '5201', '贵阳市');
INSERT INTO `area_code` VALUES ('520101000000', '520101', '市辖区');
INSERT INTO `area_code` VALUES ('520102000000', '520102', '南明区');
INSERT INTO `area_code` VALUES ('520103000000', '520103', '云岩区');
INSERT INTO `area_code` VALUES ('520111000000', '520111', '花溪区');
INSERT INTO `area_code` VALUES ('520112000000', '520112', '乌当区');
INSERT INTO `area_code` VALUES ('520113000000', '520113', '白云区');
INSERT INTO `area_code` VALUES ('520114000000', '520114', '小河区');
INSERT INTO `area_code` VALUES ('520121000000', '520121', '开阳县');
INSERT INTO `area_code` VALUES ('520122000000', '520122', '息烽县');
INSERT INTO `area_code` VALUES ('520123000000', '520123', '修文县');
INSERT INTO `area_code` VALUES ('520181000000', '520181', '清镇市');
INSERT INTO `area_code` VALUES ('520200000000', '5202', '六盘水市');
INSERT INTO `area_code` VALUES ('520201000000', '520201', '钟山区');
INSERT INTO `area_code` VALUES ('520203000000', '520203', '六枝特区');
INSERT INTO `area_code` VALUES ('520221000000', '520221', '水城县');
INSERT INTO `area_code` VALUES ('520222000000', '520222', '盘县');
INSERT INTO `area_code` VALUES ('520300000000', '5203', '遵义市');
INSERT INTO `area_code` VALUES ('520301000000', '520301', '市辖区');
INSERT INTO `area_code` VALUES ('520302000000', '520302', '红花岗区');
INSERT INTO `area_code` VALUES ('520303000000', '520303', '汇川区');
INSERT INTO `area_code` VALUES ('520321000000', '520321', '遵义县');
INSERT INTO `area_code` VALUES ('520322000000', '520322', '桐梓县');
INSERT INTO `area_code` VALUES ('520323000000', '520323', '绥阳县');
INSERT INTO `area_code` VALUES ('520324000000', '520324', '正安县');
INSERT INTO `area_code` VALUES ('520325000000', '520325', '道真仡佬族苗族自治县');
INSERT INTO `area_code` VALUES ('520326000000', '520326', '务川仡佬族苗族自治县');
INSERT INTO `area_code` VALUES ('520327000000', '520327', '凤冈县');
INSERT INTO `area_code` VALUES ('520328000000', '520328', '湄潭县');
INSERT INTO `area_code` VALUES ('520329000000', '520329', '余庆县');
INSERT INTO `area_code` VALUES ('520330000000', '520330', '习水县');
INSERT INTO `area_code` VALUES ('520381000000', '520381', '赤水市');
INSERT INTO `area_code` VALUES ('520382000000', '520382', '仁怀市');
INSERT INTO `area_code` VALUES ('520400000000', '5204', '安顺市');
INSERT INTO `area_code` VALUES ('520401000000', '520401', '市辖区');
INSERT INTO `area_code` VALUES ('520402000000', '520402', '西秀区');
INSERT INTO `area_code` VALUES ('520421000000', '520421', '平坝县');
INSERT INTO `area_code` VALUES ('520422000000', '520422', '普定县');
INSERT INTO `area_code` VALUES ('520423000000', '520423', '镇宁布依族苗族自治县');
INSERT INTO `area_code` VALUES ('520424000000', '520424', '关岭布依族苗族自治县');
INSERT INTO `area_code` VALUES ('520425000000', '520425', '紫云苗族布依族自治县');
INSERT INTO `area_code` VALUES ('522200000000', '5222', '铜仁地区');
INSERT INTO `area_code` VALUES ('522201000000', '522201', '铜仁市');
INSERT INTO `area_code` VALUES ('522222000000', '522222', '江口县');
INSERT INTO `area_code` VALUES ('522223000000', '522223', '玉屏侗族自治县');
INSERT INTO `area_code` VALUES ('522224000000', '522224', '石阡县');
INSERT INTO `area_code` VALUES ('522225000000', '522225', '思南县');
INSERT INTO `area_code` VALUES ('522226000000', '522226', '印江土家族苗族自治县');
INSERT INTO `area_code` VALUES ('522227000000', '522227', '德江县');
INSERT INTO `area_code` VALUES ('522228000000', '522228', '沿河土家族自治县');
INSERT INTO `area_code` VALUES ('522229000000', '522229', '松桃苗族自治县');
INSERT INTO `area_code` VALUES ('522230000000', '522230', '万山特区');
INSERT INTO `area_code` VALUES ('522300000000', '5223', '黔西南布依族苗族自治州');
INSERT INTO `area_code` VALUES ('522301000000', '522301', '兴义市');
INSERT INTO `area_code` VALUES ('522322000000', '522322', '兴仁县');
INSERT INTO `area_code` VALUES ('522323000000', '522323', '普安县');
INSERT INTO `area_code` VALUES ('522324000000', '522324', '晴隆县');
INSERT INTO `area_code` VALUES ('522325000000', '522325', '贞丰县');
INSERT INTO `area_code` VALUES ('522326000000', '522326', '望谟县');
INSERT INTO `area_code` VALUES ('522327000000', '522327', '册亨县');
INSERT INTO `area_code` VALUES ('522328000000', '522328', '安龙县');
INSERT INTO `area_code` VALUES ('522400000000', '5224', '毕节地区');
INSERT INTO `area_code` VALUES ('522401000000', '522401', '毕节市');
INSERT INTO `area_code` VALUES ('522422000000', '522422', '大方县');
INSERT INTO `area_code` VALUES ('522423000000', '522423', '黔西县');
INSERT INTO `area_code` VALUES ('522424000000', '522424', '金沙县');
INSERT INTO `area_code` VALUES ('522425000000', '522425', '织金县');
INSERT INTO `area_code` VALUES ('522426000000', '522426', '纳雍县');
INSERT INTO `area_code` VALUES ('522427000000', '522427', '威宁彝族回族苗族自治县');
INSERT INTO `area_code` VALUES ('522428000000', '522428', '赫章县');
INSERT INTO `area_code` VALUES ('522600000000', '5226', '黔东南苗族侗族自治州');
INSERT INTO `area_code` VALUES ('522601000000', '522601', '凯里市');
INSERT INTO `area_code` VALUES ('522622000000', '522622', '黄平县');
INSERT INTO `area_code` VALUES ('522623000000', '522623', '施秉县');
INSERT INTO `area_code` VALUES ('522624000000', '522624', '三穗县');
INSERT INTO `area_code` VALUES ('522625000000', '522625', '镇远县');
INSERT INTO `area_code` VALUES ('522626000000', '522626', '岑巩县');
INSERT INTO `area_code` VALUES ('522627000000', '522627', '天柱县');
INSERT INTO `area_code` VALUES ('522628000000', '522628', '锦屏县');
INSERT INTO `area_code` VALUES ('522629000000', '522629', '剑河县');
INSERT INTO `area_code` VALUES ('522630000000', '522630', '台江县');
INSERT INTO `area_code` VALUES ('522631000000', '522631', '黎平县');
INSERT INTO `area_code` VALUES ('522632000000', '522632', '榕江县');
INSERT INTO `area_code` VALUES ('522633000000', '522633', '从江县');
INSERT INTO `area_code` VALUES ('522634000000', '522634', '雷山县');
INSERT INTO `area_code` VALUES ('522635000000', '522635', '麻江县');
INSERT INTO `area_code` VALUES ('522636000000', '522636', '丹寨县');
INSERT INTO `area_code` VALUES ('522700000000', '5227', '黔南布依族苗族自治州');
INSERT INTO `area_code` VALUES ('522701000000', '522701', '都匀市');
INSERT INTO `area_code` VALUES ('522702000000', '522702', '福泉市');
INSERT INTO `area_code` VALUES ('522722000000', '522722', '荔波县');
INSERT INTO `area_code` VALUES ('522723000000', '522723', '贵定县');
INSERT INTO `area_code` VALUES ('522725000000', '522725', '瓮安县');
INSERT INTO `area_code` VALUES ('522726000000', '522726', '独山县');
INSERT INTO `area_code` VALUES ('522727000000', '522727', '平塘县');
INSERT INTO `area_code` VALUES ('522728000000', '522728', '罗甸县');
INSERT INTO `area_code` VALUES ('522729000000', '522729', '长顺县');
INSERT INTO `area_code` VALUES ('522730000000', '522730', '龙里县');
INSERT INTO `area_code` VALUES ('522731000000', '522731', '惠水县');
INSERT INTO `area_code` VALUES ('522732000000', '522732', '三都水族自治县');
INSERT INTO `area_code` VALUES ('530000000000', '53', '云南省');
INSERT INTO `area_code` VALUES ('530100000000', '5301', '昆明市');
INSERT INTO `area_code` VALUES ('530101000000', '530101', '市辖区');
INSERT INTO `area_code` VALUES ('530102000000', '530102', '五华区');
INSERT INTO `area_code` VALUES ('530103000000', '530103', '盘龙区');
INSERT INTO `area_code` VALUES ('530111000000', '530111', '官渡区');
INSERT INTO `area_code` VALUES ('530112000000', '530112', '西山区');
INSERT INTO `area_code` VALUES ('530113000000', '530113', '东川区');
INSERT INTO `area_code` VALUES ('530121000000', '530121', '呈贡县');
INSERT INTO `area_code` VALUES ('530122000000', '530122', '晋宁县');
INSERT INTO `area_code` VALUES ('530124000000', '530124', '富民县');
INSERT INTO `area_code` VALUES ('530125000000', '530125', '宜良县');
INSERT INTO `area_code` VALUES ('530126000000', '530126', '石林彝族自治县');
INSERT INTO `area_code` VALUES ('530127000000', '530127', '嵩明县');
INSERT INTO `area_code` VALUES ('530128000000', '530128', '禄劝彝族苗族自治县');
INSERT INTO `area_code` VALUES ('530129000000', '530129', '寻甸回族彝族自治县');
INSERT INTO `area_code` VALUES ('530181000000', '530181', '安宁市');
INSERT INTO `area_code` VALUES ('530300000000', '5303', '曲靖市');
INSERT INTO `area_code` VALUES ('530301000000', '530301', '市辖区');
INSERT INTO `area_code` VALUES ('530302000000', '530302', '麒麟区');
INSERT INTO `area_code` VALUES ('530321000000', '530321', '马龙县');
INSERT INTO `area_code` VALUES ('530322000000', '530322', '陆良县');
INSERT INTO `area_code` VALUES ('530323000000', '530323', '师宗县');
INSERT INTO `area_code` VALUES ('530324000000', '530324', '罗平县');
INSERT INTO `area_code` VALUES ('530325000000', '530325', '富源县');
INSERT INTO `area_code` VALUES ('530326000000', '530326', '会泽县');
INSERT INTO `area_code` VALUES ('530328000000', '530328', '沾益县');
INSERT INTO `area_code` VALUES ('530381000000', '530381', '宣威市');
INSERT INTO `area_code` VALUES ('530400000000', '5304', '玉溪市');
INSERT INTO `area_code` VALUES ('530401000000', '530401', '市辖区');
INSERT INTO `area_code` VALUES ('530402000000', '530402', '红塔区');
INSERT INTO `area_code` VALUES ('530421000000', '530421', '江川县');
INSERT INTO `area_code` VALUES ('530422000000', '530422', '澄江县');
INSERT INTO `area_code` VALUES ('530423000000', '530423', '通海县');
INSERT INTO `area_code` VALUES ('530424000000', '530424', '华宁县');
INSERT INTO `area_code` VALUES ('530425000000', '530425', '易门县');
INSERT INTO `area_code` VALUES ('530426000000', '530426', '峨山彝族自治县');
INSERT INTO `area_code` VALUES ('530427000000', '530427', '新平彝族傣族自治县');
INSERT INTO `area_code` VALUES ('530428000000', '530428', '元江县');
INSERT INTO `area_code` VALUES ('530500000000', '5305', '保山市');
INSERT INTO `area_code` VALUES ('530501000000', '530501', '市辖区');
INSERT INTO `area_code` VALUES ('530502000000', '530502', '隆阳区');
INSERT INTO `area_code` VALUES ('530521000000', '530521', '施甸县');
INSERT INTO `area_code` VALUES ('530522000000', '530522', '腾冲县');
INSERT INTO `area_code` VALUES ('530523000000', '530523', '龙陵县');
INSERT INTO `area_code` VALUES ('530524000000', '530524', '昌宁县');
INSERT INTO `area_code` VALUES ('530600000000', '5306', '昭通市');
INSERT INTO `area_code` VALUES ('530601000000', '530601', '市辖区');
INSERT INTO `area_code` VALUES ('530602000000', '530602', '昭阳区');
INSERT INTO `area_code` VALUES ('530621000000', '530621', '鲁甸县');
INSERT INTO `area_code` VALUES ('530622000000', '530622', '巧家县');
INSERT INTO `area_code` VALUES ('530623000000', '530623', '盐津县');
INSERT INTO `area_code` VALUES ('530624000000', '530624', '大关县');
INSERT INTO `area_code` VALUES ('530625000000', '530625', '永善县');
INSERT INTO `area_code` VALUES ('530626000000', '530626', '绥江县');
INSERT INTO `area_code` VALUES ('530627000000', '530627', '镇雄县');
INSERT INTO `area_code` VALUES ('530628000000', '530628', '彝良县');
INSERT INTO `area_code` VALUES ('530629000000', '530629', '威信县');
INSERT INTO `area_code` VALUES ('530630000000', '530630', '水富县');
INSERT INTO `area_code` VALUES ('530700000000', '5307', '丽江市');
INSERT INTO `area_code` VALUES ('530701000000', '530701', '市辖区');
INSERT INTO `area_code` VALUES ('530702000000', '530702', '古城区');
INSERT INTO `area_code` VALUES ('530721000000', '530721', '玉龙纳西族自治县');
INSERT INTO `area_code` VALUES ('530722000000', '530722', '永胜县');
INSERT INTO `area_code` VALUES ('530723000000', '530723', '华坪县');
INSERT INTO `area_code` VALUES ('530724000000', '530724', '宁蒗彝族自治县');
INSERT INTO `area_code` VALUES ('530800000000', '5308', '普洱市');
INSERT INTO `area_code` VALUES ('530801000000', '530801', '市辖区');
INSERT INTO `area_code` VALUES ('530802000000', '530802', '思茅区');
INSERT INTO `area_code` VALUES ('530821000000', '530821', '宁洱哈尼族彝族自治县');
INSERT INTO `area_code` VALUES ('530822000000', '530822', '墨江哈尼族自治县');
INSERT INTO `area_code` VALUES ('530823000000', '530823', '景东彝族自治县');
INSERT INTO `area_code` VALUES ('530824000000', '530824', '景谷傣族彝族自治县');
INSERT INTO `area_code` VALUES ('530825000000', '530825', '镇沅彝族哈尼族拉祜族自治县');
INSERT INTO `area_code` VALUES ('530826000000', '530826', '江城哈尼族彝族自治县');
INSERT INTO `area_code` VALUES ('530827000000', '530827', '孟连傣族拉祜族佤族自治县');
INSERT INTO `area_code` VALUES ('530828000000', '530828', '澜沧拉祜族自治县');
INSERT INTO `area_code` VALUES ('530829000000', '530829', '西盟佤族自治县');
INSERT INTO `area_code` VALUES ('530900000000', '5309', '临沧市');
INSERT INTO `area_code` VALUES ('530901000000', '530901', '市辖区');
INSERT INTO `area_code` VALUES ('530902000000', '530902', '临翔区');
INSERT INTO `area_code` VALUES ('530921000000', '530921', '凤庆县');
INSERT INTO `area_code` VALUES ('530922000000', '530922', '云县');
INSERT INTO `area_code` VALUES ('530923000000', '530923', '永德县');
INSERT INTO `area_code` VALUES ('530924000000', '530924', '镇康县');
INSERT INTO `area_code` VALUES ('530925000000', '530925', '双江拉祜族佤族布朗族傣族自治县');
INSERT INTO `area_code` VALUES ('530926000000', '530926', '耿马傣族佤族自治县');
INSERT INTO `area_code` VALUES ('530927000000', '530927', '沧源佤族自治县');
INSERT INTO `area_code` VALUES ('532300000000', '5323', '楚雄彝族自治州');
INSERT INTO `area_code` VALUES ('532301000000', '532301', '楚雄市');
INSERT INTO `area_code` VALUES ('532322000000', '532322', '双柏县');
INSERT INTO `area_code` VALUES ('532323000000', '532323', '牟定县');
INSERT INTO `area_code` VALUES ('532324000000', '532324', '南华县');
INSERT INTO `area_code` VALUES ('532325000000', '532325', '姚安县');
INSERT INTO `area_code` VALUES ('532326000000', '532326', '大姚县');
INSERT INTO `area_code` VALUES ('532327000000', '532327', '永仁县');
INSERT INTO `area_code` VALUES ('532328000000', '532328', '元谋县');
INSERT INTO `area_code` VALUES ('532329000000', '532329', '武定县');
INSERT INTO `area_code` VALUES ('532331000000', '532331', '禄丰县');
INSERT INTO `area_code` VALUES ('532500000000', '5325', '红河哈尼族彝族自治州');
INSERT INTO `area_code` VALUES ('532501000000', '532501', '个旧市');
INSERT INTO `area_code` VALUES ('532502000000', '532502', '开远市');
INSERT INTO `area_code` VALUES ('532522000000', '532522', '蒙自县');
INSERT INTO `area_code` VALUES ('532523000000', '532523', '屏边苗族自治县');
INSERT INTO `area_code` VALUES ('532524000000', '532524', '建水县');
INSERT INTO `area_code` VALUES ('532525000000', '532525', '石屏县');
INSERT INTO `area_code` VALUES ('532526000000', '532526', '弥勒县');
INSERT INTO `area_code` VALUES ('532527000000', '532527', '泸西县');
INSERT INTO `area_code` VALUES ('532528000000', '532528', '元阳县');
INSERT INTO `area_code` VALUES ('532529000000', '532529', '红河县');
INSERT INTO `area_code` VALUES ('532530000000', '532530', '金平苗族瑶族傣族自治县');
INSERT INTO `area_code` VALUES ('532531000000', '532531', '绿春县');
INSERT INTO `area_code` VALUES ('532532000000', '532532', '河口瑶族自治县');
INSERT INTO `area_code` VALUES ('532600000000', '5326', '文山壮族苗族自治州');
INSERT INTO `area_code` VALUES ('532621000000', '532621', '文山县');
INSERT INTO `area_code` VALUES ('532622000000', '532622', '砚山县');
INSERT INTO `area_code` VALUES ('532623000000', '532623', '西畴县');
INSERT INTO `area_code` VALUES ('532624000000', '532624', '麻栗坡县');
INSERT INTO `area_code` VALUES ('532625000000', '532625', '马关县');
INSERT INTO `area_code` VALUES ('532626000000', '532626', '丘北县');
INSERT INTO `area_code` VALUES ('532627000000', '532627', '广南县');
INSERT INTO `area_code` VALUES ('532628000000', '532628', '富宁县');
INSERT INTO `area_code` VALUES ('532800000000', '5328', '西双版纳傣族自治州');
INSERT INTO `area_code` VALUES ('532801000000', '532801', '景洪市');
INSERT INTO `area_code` VALUES ('532822000000', '532822', '勐海县');
INSERT INTO `area_code` VALUES ('532823000000', '532823', '勐腊县');
INSERT INTO `area_code` VALUES ('532900000000', '5329', '大理白族自治州');
INSERT INTO `area_code` VALUES ('532901000000', '532901', '大理市');
INSERT INTO `area_code` VALUES ('532922000000', '532922', '漾濞彝族自治县');
INSERT INTO `area_code` VALUES ('532923000000', '532923', '祥云县');
INSERT INTO `area_code` VALUES ('532924000000', '532924', '宾川县');
INSERT INTO `area_code` VALUES ('532925000000', '532925', '弥渡县');
INSERT INTO `area_code` VALUES ('532926000000', '532926', '南涧彝族自治县');
INSERT INTO `area_code` VALUES ('532927000000', '532927', '巍山彝族回族自治县');
INSERT INTO `area_code` VALUES ('532928000000', '532928', '永平县');
INSERT INTO `area_code` VALUES ('532929000000', '532929', '云龙县');
INSERT INTO `area_code` VALUES ('532930000000', '532930', '洱源县');
INSERT INTO `area_code` VALUES ('532931000000', '532931', '剑川县');
INSERT INTO `area_code` VALUES ('532932000000', '532932', '鹤庆县');
INSERT INTO `area_code` VALUES ('533100000000', '5331', '德宏傣族景颇族自治州');
INSERT INTO `area_code` VALUES ('533102000000', '533102', '瑞丽市');
INSERT INTO `area_code` VALUES ('533103000000', '533103', '潞西市');
INSERT INTO `area_code` VALUES ('533122000000', '533122', '梁河县');
INSERT INTO `area_code` VALUES ('533123000000', '533123', '盈江县');
INSERT INTO `area_code` VALUES ('533124000000', '533124', '陇川县');
INSERT INTO `area_code` VALUES ('533300000000', '5333', '怒江傈僳族自治州');
INSERT INTO `area_code` VALUES ('533321000000', '533321', '泸水县');
INSERT INTO `area_code` VALUES ('533323000000', '533323', '福贡县');
INSERT INTO `area_code` VALUES ('533324000000', '533324', '贡山独龙族怒族自治县');
INSERT INTO `area_code` VALUES ('533325000000', '533325', '兰坪白族普米族自治县');
INSERT INTO `area_code` VALUES ('533400000000', '5334', '迪庆藏族自治州');
INSERT INTO `area_code` VALUES ('533421000000', '533421', '香格里拉县');
INSERT INTO `area_code` VALUES ('533422000000', '533422', '德钦县');
INSERT INTO `area_code` VALUES ('533423000000', '533423', '维西傈僳族自治县');
INSERT INTO `area_code` VALUES ('540000000000', '54', '西藏自治区');
INSERT INTO `area_code` VALUES ('540100000000', '5401', '拉萨市');
INSERT INTO `area_code` VALUES ('540101000000', '540101', '市辖区');
INSERT INTO `area_code` VALUES ('540102000000', '540102', '城关区');
INSERT INTO `area_code` VALUES ('540121000000', '540121', '林周县');
INSERT INTO `area_code` VALUES ('540122000000', '540122', '当雄县');
INSERT INTO `area_code` VALUES ('540123000000', '540123', '尼木县');
INSERT INTO `area_code` VALUES ('540124000000', '540124', '曲水县');
INSERT INTO `area_code` VALUES ('540125000000', '540125', '堆龙德庆县');
INSERT INTO `area_code` VALUES ('540126000000', '540126', '达孜县');
INSERT INTO `area_code` VALUES ('540127000000', '540127', '墨竹工卡县');
INSERT INTO `area_code` VALUES ('542100000000', '5421', '昌都地区');
INSERT INTO `area_code` VALUES ('542121000000', '542121', '昌都县');
INSERT INTO `area_code` VALUES ('542122000000', '542122', '江达县');
INSERT INTO `area_code` VALUES ('542123000000', '542123', '贡觉县');
INSERT INTO `area_code` VALUES ('542124000000', '542124', '类乌齐县');
INSERT INTO `area_code` VALUES ('542125000000', '542125', '丁青县');
INSERT INTO `area_code` VALUES ('542126000000', '542126', '察雅县');
INSERT INTO `area_code` VALUES ('542127000000', '542127', '八宿县');
INSERT INTO `area_code` VALUES ('542128000000', '542128', '左贡县');
INSERT INTO `area_code` VALUES ('542129000000', '542129', '芒康县');
INSERT INTO `area_code` VALUES ('542132000000', '542132', '洛隆县');
INSERT INTO `area_code` VALUES ('542133000000', '542133', '边坝县');
INSERT INTO `area_code` VALUES ('542200000000', '5422', '山南地区');
INSERT INTO `area_code` VALUES ('542221000000', '542221', '乃东县');
INSERT INTO `area_code` VALUES ('542222000000', '542222', '扎朗县');
INSERT INTO `area_code` VALUES ('542223000000', '542223', '贡嘎县');
INSERT INTO `area_code` VALUES ('542224000000', '542224', '桑日县');
INSERT INTO `area_code` VALUES ('542225000000', '542225', '琼结县');
INSERT INTO `area_code` VALUES ('542226000000', '542226', '曲松县');
INSERT INTO `area_code` VALUES ('542227000000', '542227', '措美县');
INSERT INTO `area_code` VALUES ('542228000000', '542228', '洛扎县');
INSERT INTO `area_code` VALUES ('542229000000', '542229', '加查县');
INSERT INTO `area_code` VALUES ('542231000000', '542231', '隆子县');
INSERT INTO `area_code` VALUES ('542232000000', '542232', '错那县');
INSERT INTO `area_code` VALUES ('542233000000', '542233', '浪卡子县');
INSERT INTO `area_code` VALUES ('542300000000', '5423', '日喀则地区');
INSERT INTO `area_code` VALUES ('542301000000', '542301', '日喀则市');
INSERT INTO `area_code` VALUES ('542322000000', '542322', '南木林县');
INSERT INTO `area_code` VALUES ('542323000000', '542323', '江孜县');
INSERT INTO `area_code` VALUES ('542324000000', '542324', '定日县');
INSERT INTO `area_code` VALUES ('542325000000', '542325', '萨迦县');
INSERT INTO `area_code` VALUES ('542326000000', '542326', '拉孜县');
INSERT INTO `area_code` VALUES ('542327000000', '542327', '昂仁县');
INSERT INTO `area_code` VALUES ('542328000000', '542328', '谢通门县');
INSERT INTO `area_code` VALUES ('542329000000', '542329', '白朗县');
INSERT INTO `area_code` VALUES ('542330000000', '542330', '仁布县');
INSERT INTO `area_code` VALUES ('542331000000', '542331', '康马县');
INSERT INTO `area_code` VALUES ('542332000000', '542332', '定结县');
INSERT INTO `area_code` VALUES ('542333000000', '542333', '仲巴县');
INSERT INTO `area_code` VALUES ('542334000000', '542334', '亚东县');
INSERT INTO `area_code` VALUES ('542335000000', '542335', '吉隆县');
INSERT INTO `area_code` VALUES ('542336000000', '542336', '聂拉木县');
INSERT INTO `area_code` VALUES ('542337000000', '542337', '萨嘎县');
INSERT INTO `area_code` VALUES ('542338000000', '542338', '岗巴县');
INSERT INTO `area_code` VALUES ('542400000000', '5424', '那曲地区');
INSERT INTO `area_code` VALUES ('542421000000', '542421', '那曲县');
INSERT INTO `area_code` VALUES ('542422000000', '542422', '嘉黎县');
INSERT INTO `area_code` VALUES ('542423000000', '542423', '比如县');
INSERT INTO `area_code` VALUES ('542424000000', '542424', '聂荣县');
INSERT INTO `area_code` VALUES ('542425000000', '542425', '安多县');
INSERT INTO `area_code` VALUES ('542426000000', '542426', '申扎县');
INSERT INTO `area_code` VALUES ('542427000000', '542427', '索县');
INSERT INTO `area_code` VALUES ('542428000000', '542428', '班戈县');
INSERT INTO `area_code` VALUES ('542429000000', '542429', '巴青县');
INSERT INTO `area_code` VALUES ('542430000000', '542430', '尼玛县');
INSERT INTO `area_code` VALUES ('542500000000', '5425', '阿里地区');
INSERT INTO `area_code` VALUES ('542521000000', '542521', '普兰县');
INSERT INTO `area_code` VALUES ('542522000000', '542522', '札达县');
INSERT INTO `area_code` VALUES ('542523000000', '542523', '噶尔县');
INSERT INTO `area_code` VALUES ('542524000000', '542524', '日土县');
INSERT INTO `area_code` VALUES ('542525000000', '542525', '革吉县');
INSERT INTO `area_code` VALUES ('542526000000', '542526', '改则县');
INSERT INTO `area_code` VALUES ('542527000000', '542527', '措勤县');
INSERT INTO `area_code` VALUES ('542600000000', '5426', '林芝地区');
INSERT INTO `area_code` VALUES ('542621000000', '542621', '林芝县');
INSERT INTO `area_code` VALUES ('542622000000', '542622', '工布江达县');
INSERT INTO `area_code` VALUES ('542623000000', '542623', '米林县');
INSERT INTO `area_code` VALUES ('542624000000', '542624', '墨脱县');
INSERT INTO `area_code` VALUES ('542625000000', '542625', '波密县');
INSERT INTO `area_code` VALUES ('542626000000', '542626', '察隅县');
INSERT INTO `area_code` VALUES ('542627000000', '542627', '朗县');
INSERT INTO `area_code` VALUES ('610000000000', '61', '陕西省');
INSERT INTO `area_code` VALUES ('610100000000', '6101', '西安市');
INSERT INTO `area_code` VALUES ('610101000000', '610101', '市辖区');
INSERT INTO `area_code` VALUES ('610102000000', '610102', '新城区');
INSERT INTO `area_code` VALUES ('610103000000', '610103', '碑林区');
INSERT INTO `area_code` VALUES ('610104000000', '610104', '莲湖区');
INSERT INTO `area_code` VALUES ('610111000000', '610111', '灞桥区');
INSERT INTO `area_code` VALUES ('610112000000', '610112', '未央区');
INSERT INTO `area_code` VALUES ('610113000000', '610113', '雁塔区');
INSERT INTO `area_code` VALUES ('610114000000', '610114', '阎良区');
INSERT INTO `area_code` VALUES ('610115000000', '610115', '临潼区');
INSERT INTO `area_code` VALUES ('610116000000', '610116', '长安区');
INSERT INTO `area_code` VALUES ('610122000000', '610122', '蓝田县');
INSERT INTO `area_code` VALUES ('610124000000', '610124', '周至县');
INSERT INTO `area_code` VALUES ('610125000000', '610125', '户县');
INSERT INTO `area_code` VALUES ('610126000000', '610126', '高陵县');
INSERT INTO `area_code` VALUES ('610200000000', '6102', '铜川市');
INSERT INTO `area_code` VALUES ('610201000000', '610201', '市辖区');
INSERT INTO `area_code` VALUES ('610202000000', '610202', '王益区');
INSERT INTO `area_code` VALUES ('610203000000', '610203', '印台区');
INSERT INTO `area_code` VALUES ('610204000000', '610204', '耀州区');
INSERT INTO `area_code` VALUES ('610222000000', '610222', '宜君县');
INSERT INTO `area_code` VALUES ('610300000000', '6103', '宝鸡市');
INSERT INTO `area_code` VALUES ('610301000000', '610301', '市辖区');
INSERT INTO `area_code` VALUES ('610302000000', '610302', '渭滨区');
INSERT INTO `area_code` VALUES ('610303000000', '610303', '金台区');
INSERT INTO `area_code` VALUES ('610304000000', '610304', '陈仓区');
INSERT INTO `area_code` VALUES ('610322000000', '610322', '凤翔县');
INSERT INTO `area_code` VALUES ('610323000000', '610323', '岐山县');
INSERT INTO `area_code` VALUES ('610324000000', '610324', '扶风县');
INSERT INTO `area_code` VALUES ('610326000000', '610326', '眉县');
INSERT INTO `area_code` VALUES ('610327000000', '610327', '陇县');
INSERT INTO `area_code` VALUES ('610328000000', '610328', '千阳县');
INSERT INTO `area_code` VALUES ('610329000000', '610329', '麟游县');
INSERT INTO `area_code` VALUES ('610330000000', '610330', '凤县');
INSERT INTO `area_code` VALUES ('610331000000', '610331', '太白县');
INSERT INTO `area_code` VALUES ('610400000000', '6104', '咸阳市');
INSERT INTO `area_code` VALUES ('610401000000', '610401', '市辖区');
INSERT INTO `area_code` VALUES ('610402000000', '610402', '秦都区');
INSERT INTO `area_code` VALUES ('610403000000', '610403', '杨陵区');
INSERT INTO `area_code` VALUES ('610404000000', '610404', '渭城区');
INSERT INTO `area_code` VALUES ('610422000000', '610422', '三原县');
INSERT INTO `area_code` VALUES ('610423000000', '610423', '泾阳县');
INSERT INTO `area_code` VALUES ('610424000000', '610424', '乾县');
INSERT INTO `area_code` VALUES ('610425000000', '610425', '礼泉县');
INSERT INTO `area_code` VALUES ('610426000000', '610426', '永寿县');
INSERT INTO `area_code` VALUES ('610427000000', '610427', '彬县');
INSERT INTO `area_code` VALUES ('610428000000', '610428', '长武县');
INSERT INTO `area_code` VALUES ('610429000000', '610429', '旬邑县');
INSERT INTO `area_code` VALUES ('610430000000', '610430', '淳化县');
INSERT INTO `area_code` VALUES ('610431000000', '610431', '武功县');
INSERT INTO `area_code` VALUES ('610481000000', '610481', '兴平市');
INSERT INTO `area_code` VALUES ('610500000000', '6105', '渭南市');
INSERT INTO `area_code` VALUES ('610501000000', '610501', '市辖区');
INSERT INTO `area_code` VALUES ('610502000000', '610502', '临渭区');
INSERT INTO `area_code` VALUES ('610521000000', '610521', '华县');
INSERT INTO `area_code` VALUES ('610522000000', '610522', '潼关县');
INSERT INTO `area_code` VALUES ('610523000000', '610523', '大荔县');
INSERT INTO `area_code` VALUES ('610524000000', '610524', '合阳县');
INSERT INTO `area_code` VALUES ('610525000000', '610525', '澄城县');
INSERT INTO `area_code` VALUES ('610526000000', '610526', '蒲城县');
INSERT INTO `area_code` VALUES ('610527000000', '610527', '白水县');
INSERT INTO `area_code` VALUES ('610528000000', '610528', '富平县');
INSERT INTO `area_code` VALUES ('610581000000', '610581', '韩城市');
INSERT INTO `area_code` VALUES ('610582000000', '610582', '华阴市');
INSERT INTO `area_code` VALUES ('610600000000', '6106', '延安市');
INSERT INTO `area_code` VALUES ('610601000000', '610601', '市辖区');
INSERT INTO `area_code` VALUES ('610602000000', '610602', '宝塔区');
INSERT INTO `area_code` VALUES ('610621000000', '610621', '延长县');
INSERT INTO `area_code` VALUES ('610622000000', '610622', '延川县');
INSERT INTO `area_code` VALUES ('610623000000', '610623', '子长县');
INSERT INTO `area_code` VALUES ('610624000000', '610624', '安塞县');
INSERT INTO `area_code` VALUES ('610625000000', '610625', '志丹县');
INSERT INTO `area_code` VALUES ('610626000000', '610626', '吴起县');
INSERT INTO `area_code` VALUES ('610627000000', '610627', '甘泉县');
INSERT INTO `area_code` VALUES ('610628000000', '610628', '富县');
INSERT INTO `area_code` VALUES ('610629000000', '610629', '洛川县');
INSERT INTO `area_code` VALUES ('610630000000', '610630', '宜川县');
INSERT INTO `area_code` VALUES ('610631000000', '610631', '黄龙县');
INSERT INTO `area_code` VALUES ('610632000000', '610632', '黄陵县');
INSERT INTO `area_code` VALUES ('610700000000', '6107', '汉中市');
INSERT INTO `area_code` VALUES ('610701000000', '610701', '市辖区');
INSERT INTO `area_code` VALUES ('610702000000', '610702', '汉台区');
INSERT INTO `area_code` VALUES ('610721000000', '610721', '南郑县');
INSERT INTO `area_code` VALUES ('610722000000', '610722', '城固县');
INSERT INTO `area_code` VALUES ('610723000000', '610723', '洋县');
INSERT INTO `area_code` VALUES ('610724000000', '610724', '西乡县');
INSERT INTO `area_code` VALUES ('610725000000', '610725', '勉县');
INSERT INTO `area_code` VALUES ('610726000000', '610726', '宁强县');
INSERT INTO `area_code` VALUES ('610727000000', '610727', '略阳县');
INSERT INTO `area_code` VALUES ('610728000000', '610728', '镇巴县');
INSERT INTO `area_code` VALUES ('610729000000', '610729', '留坝县');
INSERT INTO `area_code` VALUES ('610730000000', '610730', '佛坪县');
INSERT INTO `area_code` VALUES ('610800000000', '6108', '榆林市');
INSERT INTO `area_code` VALUES ('610801000000', '610801', '市辖区');
INSERT INTO `area_code` VALUES ('610802000000', '610802', '榆阳区');
INSERT INTO `area_code` VALUES ('610821000000', '610821', '神木县');
INSERT INTO `area_code` VALUES ('610822000000', '610822', '府谷县');
INSERT INTO `area_code` VALUES ('610823000000', '610823', '横山县');
INSERT INTO `area_code` VALUES ('610824000000', '610824', '靖边县');
INSERT INTO `area_code` VALUES ('610825000000', '610825', '定边县');
INSERT INTO `area_code` VALUES ('610826000000', '610826', '绥德县');
INSERT INTO `area_code` VALUES ('610827000000', '610827', '米脂县');
INSERT INTO `area_code` VALUES ('610828000000', '610828', '佳县');
INSERT INTO `area_code` VALUES ('610829000000', '610829', '吴堡县');
INSERT INTO `area_code` VALUES ('610830000000', '610830', '清涧县');
INSERT INTO `area_code` VALUES ('610831000000', '610831', '子洲县');
INSERT INTO `area_code` VALUES ('610900000000', '6109', '安康市');
INSERT INTO `area_code` VALUES ('610901000000', '610901', '市辖区');
INSERT INTO `area_code` VALUES ('610902000000', '610902', '汉滨区');
INSERT INTO `area_code` VALUES ('610921000000', '610921', '汉阴县');
INSERT INTO `area_code` VALUES ('610922000000', '610922', '石泉县');
INSERT INTO `area_code` VALUES ('610923000000', '610923', '宁陕县');
INSERT INTO `area_code` VALUES ('610924000000', '610924', '紫阳县');
INSERT INTO `area_code` VALUES ('610925000000', '610925', '岚皋县');
INSERT INTO `area_code` VALUES ('610926000000', '610926', '平利县');
INSERT INTO `area_code` VALUES ('610927000000', '610927', '镇坪县');
INSERT INTO `area_code` VALUES ('610928000000', '610928', '旬阳县');
INSERT INTO `area_code` VALUES ('610929000000', '610929', '白河县');
INSERT INTO `area_code` VALUES ('611000000000', '6110', '商洛市');
INSERT INTO `area_code` VALUES ('611001000000', '611001', '市辖区');
INSERT INTO `area_code` VALUES ('611002000000', '611002', '商州区');
INSERT INTO `area_code` VALUES ('611021000000', '611021', '洛南县');
INSERT INTO `area_code` VALUES ('611022000000', '611022', '丹凤县');
INSERT INTO `area_code` VALUES ('611023000000', '611023', '商南县');
INSERT INTO `area_code` VALUES ('611024000000', '611024', '山阳县');
INSERT INTO `area_code` VALUES ('611025000000', '611025', '镇安县');
INSERT INTO `area_code` VALUES ('611026000000', '611026', '柞水县');
INSERT INTO `area_code` VALUES ('620000000000', '62', '甘肃省');
INSERT INTO `area_code` VALUES ('620100000000', '6201', '兰州市');
INSERT INTO `area_code` VALUES ('620101000000', '620101', '市辖区');
INSERT INTO `area_code` VALUES ('620102000000', '620102', '城关区');
INSERT INTO `area_code` VALUES ('620103000000', '620103', '七里河区');
INSERT INTO `area_code` VALUES ('620104000000', '620104', '西固区');
INSERT INTO `area_code` VALUES ('620105000000', '620105', '安宁区');
INSERT INTO `area_code` VALUES ('620111000000', '620111', '红古区');
INSERT INTO `area_code` VALUES ('620121000000', '620121', '永登县');
INSERT INTO `area_code` VALUES ('620122000000', '620122', '皋兰县');
INSERT INTO `area_code` VALUES ('620123000000', '620123', '榆中县');
INSERT INTO `area_code` VALUES ('620200000000', '6202', '嘉峪关市');
INSERT INTO `area_code` VALUES ('620201000000', '620201', '市辖区');
INSERT INTO `area_code` VALUES ('620300000000', '6203', '金昌市');
INSERT INTO `area_code` VALUES ('620301000000', '620301', '市辖区');
INSERT INTO `area_code` VALUES ('620302000000', '620302', '金川区');
INSERT INTO `area_code` VALUES ('620321000000', '620321', '永昌县');
INSERT INTO `area_code` VALUES ('620400000000', '6204', '白银市');
INSERT INTO `area_code` VALUES ('620401000000', '620401', '市辖区');
INSERT INTO `area_code` VALUES ('620402000000', '620402', '白银区');
INSERT INTO `area_code` VALUES ('620403000000', '620403', '平川区');
INSERT INTO `area_code` VALUES ('620421000000', '620421', '靖远县');
INSERT INTO `area_code` VALUES ('620422000000', '620422', '会宁县');
INSERT INTO `area_code` VALUES ('620423000000', '620423', '景泰县');
INSERT INTO `area_code` VALUES ('620500000000', '6205', '天水市');
INSERT INTO `area_code` VALUES ('620501000000', '620501', '市辖区');
INSERT INTO `area_code` VALUES ('620502000000', '620502', '秦州区');
INSERT INTO `area_code` VALUES ('620503000000', '620503', '麦积区');
INSERT INTO `area_code` VALUES ('620521000000', '620521', '清水县');
INSERT INTO `area_code` VALUES ('620522000000', '620522', '秦安县');
INSERT INTO `area_code` VALUES ('620523000000', '620523', '甘谷县');
INSERT INTO `area_code` VALUES ('620524000000', '620524', '武山县');
INSERT INTO `area_code` VALUES ('620525000000', '620525', '张家川县');
INSERT INTO `area_code` VALUES ('620600000000', '6206', '武威市');
INSERT INTO `area_code` VALUES ('620601000000', '620601', '市辖区');
INSERT INTO `area_code` VALUES ('620602000000', '620602', '凉州区');
INSERT INTO `area_code` VALUES ('620621000000', '620621', '民勤县');
INSERT INTO `area_code` VALUES ('620622000000', '620622', '古浪县');
INSERT INTO `area_code` VALUES ('620623000000', '620623', '天祝藏族自治县');
INSERT INTO `area_code` VALUES ('620700000000', '6207', '张掖市');
INSERT INTO `area_code` VALUES ('620701000000', '620701', '市辖区');
INSERT INTO `area_code` VALUES ('620702000000', '620702', '甘州区');
INSERT INTO `area_code` VALUES ('620721000000', '620721', '肃南裕固族自治县');
INSERT INTO `area_code` VALUES ('620722000000', '620722', '民乐县');
INSERT INTO `area_code` VALUES ('620723000000', '620723', '临泽县');
INSERT INTO `area_code` VALUES ('620724000000', '620724', '高台县');
INSERT INTO `area_code` VALUES ('620725000000', '620725', '山丹县');
INSERT INTO `area_code` VALUES ('620800000000', '6208', '平凉市');
INSERT INTO `area_code` VALUES ('620801000000', '620801', '市辖区');
INSERT INTO `area_code` VALUES ('620802000000', '620802', '崆峒区');
INSERT INTO `area_code` VALUES ('620821000000', '620821', '泾川县');
INSERT INTO `area_code` VALUES ('620822000000', '620822', '灵台县');
INSERT INTO `area_code` VALUES ('620823000000', '620823', '崇信县');
INSERT INTO `area_code` VALUES ('620824000000', '620824', '华亭县');
INSERT INTO `area_code` VALUES ('620825000000', '620825', '庄浪县');
INSERT INTO `area_code` VALUES ('620826000000', '620826', '静宁县');
INSERT INTO `area_code` VALUES ('620900000000', '6209', '酒泉市');
INSERT INTO `area_code` VALUES ('620901000000', '620901', '市辖区');
INSERT INTO `area_code` VALUES ('620902000000', '620902', '肃州区');
INSERT INTO `area_code` VALUES ('620921000000', '620921', '金塔县');
INSERT INTO `area_code` VALUES ('620922000000', '620922', '瓜州县');
INSERT INTO `area_code` VALUES ('620923000000', '620923', '肃北蒙古族自治县');
INSERT INTO `area_code` VALUES ('620924000000', '620924', '阿克塞哈萨克族自治县');
INSERT INTO `area_code` VALUES ('620981000000', '620981', '玉门市');
INSERT INTO `area_code` VALUES ('620982000000', '620982', '敦煌市');
INSERT INTO `area_code` VALUES ('621000000000', '6210', '庆阳市');
INSERT INTO `area_code` VALUES ('621001000000', '621001', '市辖区');
INSERT INTO `area_code` VALUES ('621002000000', '621002', '西峰区');
INSERT INTO `area_code` VALUES ('621021000000', '621021', '庆城县');
INSERT INTO `area_code` VALUES ('621022000000', '621022', '环县');
INSERT INTO `area_code` VALUES ('621023000000', '621023', '华池县');
INSERT INTO `area_code` VALUES ('621024000000', '621024', '合水县');
INSERT INTO `area_code` VALUES ('621025000000', '621025', '正宁县');
INSERT INTO `area_code` VALUES ('621026000000', '621026', '宁县');
INSERT INTO `area_code` VALUES ('621027000000', '621027', '镇原县');
INSERT INTO `area_code` VALUES ('621100000000', '6211', '定西市');
INSERT INTO `area_code` VALUES ('621101000000', '621101', '市辖区');
INSERT INTO `area_code` VALUES ('621102000000', '621102', '安定区');
INSERT INTO `area_code` VALUES ('621121000000', '621121', '通渭县');
INSERT INTO `area_code` VALUES ('621122000000', '621122', '陇西县');
INSERT INTO `area_code` VALUES ('621123000000', '621123', '渭源县');
INSERT INTO `area_code` VALUES ('621124000000', '621124', '临洮县');
INSERT INTO `area_code` VALUES ('621125000000', '621125', '漳县');
INSERT INTO `area_code` VALUES ('621126000000', '621126', '岷县');
INSERT INTO `area_code` VALUES ('621200000000', '6212', '陇南市');
INSERT INTO `area_code` VALUES ('621201000000', '621201', '市辖区');
INSERT INTO `area_code` VALUES ('621202000000', '621202', '武都区');
INSERT INTO `area_code` VALUES ('621221000000', '621221', '成县');
INSERT INTO `area_code` VALUES ('621222000000', '621222', '文县');
INSERT INTO `area_code` VALUES ('621223000000', '621223', '宕昌县');
INSERT INTO `area_code` VALUES ('621224000000', '621224', '康县');
INSERT INTO `area_code` VALUES ('621225000000', '621225', '西和县');
INSERT INTO `area_code` VALUES ('621226000000', '621226', '礼县');
INSERT INTO `area_code` VALUES ('621227000000', '621227', '徽县');
INSERT INTO `area_code` VALUES ('621228000000', '621228', '两当县');
INSERT INTO `area_code` VALUES ('622900000000', '6229', '临夏回族自治州');
INSERT INTO `area_code` VALUES ('622901000000', '622901', '临夏市');
INSERT INTO `area_code` VALUES ('622921000000', '622921', '临夏县');
INSERT INTO `area_code` VALUES ('622922000000', '622922', '康乐县');
INSERT INTO `area_code` VALUES ('622923000000', '622923', '永靖县');
INSERT INTO `area_code` VALUES ('622924000000', '622924', '广河县');
INSERT INTO `area_code` VALUES ('622925000000', '622925', '和政县');
INSERT INTO `area_code` VALUES ('622926000000', '622926', '东乡族自治县');
INSERT INTO `area_code` VALUES ('622927000000', '622927', '积石山保安族东乡族撒拉族自治县');
INSERT INTO `area_code` VALUES ('623000000000', '6230', '甘南藏族自治州');
INSERT INTO `area_code` VALUES ('623001000000', '623001', '合作市');
INSERT INTO `area_code` VALUES ('623021000000', '623021', '临潭县');
INSERT INTO `area_code` VALUES ('623022000000', '623022', '卓尼县');
INSERT INTO `area_code` VALUES ('623023000000', '623023', '舟曲县');
INSERT INTO `area_code` VALUES ('623024000000', '623024', '迭部县');
INSERT INTO `area_code` VALUES ('623025000000', '623025', '玛曲县');
INSERT INTO `area_code` VALUES ('623026000000', '623026', '碌曲县');
INSERT INTO `area_code` VALUES ('623027000000', '623027', '夏河县');
INSERT INTO `area_code` VALUES ('630000000000', '63', '青海省');
INSERT INTO `area_code` VALUES ('630100000000', '6301', '西宁市');
INSERT INTO `area_code` VALUES ('630101000000', '630101', '市辖区');
INSERT INTO `area_code` VALUES ('630102000000', '630102', '城东区');
INSERT INTO `area_code` VALUES ('630103000000', '630103', '城中区');
INSERT INTO `area_code` VALUES ('630104000000', '630104', '城西区');
INSERT INTO `area_code` VALUES ('630105000000', '630105', '城北区');
INSERT INTO `area_code` VALUES ('630121000000', '630121', '大通回族土族自治县');
INSERT INTO `area_code` VALUES ('630122000000', '630122', '湟中县');
INSERT INTO `area_code` VALUES ('630123000000', '630123', '湟源县');
INSERT INTO `area_code` VALUES ('632100000000', '6321', '海东地区');
INSERT INTO `area_code` VALUES ('632121000000', '632121', '平安县');
INSERT INTO `area_code` VALUES ('632122000000', '632122', '民和回族土族自治县');
INSERT INTO `area_code` VALUES ('632123000000', '632123', '乐都县');
INSERT INTO `area_code` VALUES ('632126000000', '632126', '互助土族自治县');
INSERT INTO `area_code` VALUES ('632127000000', '632127', '化隆回族自治县');
INSERT INTO `area_code` VALUES ('632128000000', '632128', '循化撒拉族自治县');
INSERT INTO `area_code` VALUES ('632200000000', '6322', '海北藏族自治州');
INSERT INTO `area_code` VALUES ('632221000000', '632221', '门源回族自治县');
INSERT INTO `area_code` VALUES ('632222000000', '632222', '祁连县');
INSERT INTO `area_code` VALUES ('632223000000', '632223', '海晏县');
INSERT INTO `area_code` VALUES ('632224000000', '632224', '刚察县');
INSERT INTO `area_code` VALUES ('632300000000', '6323', '黄南藏族自治州');
INSERT INTO `area_code` VALUES ('632321000000', '632321', '同仁县');
INSERT INTO `area_code` VALUES ('632322000000', '632322', '尖扎县');
INSERT INTO `area_code` VALUES ('632323000000', '632323', '泽库县');
INSERT INTO `area_code` VALUES ('632324000000', '632324', '河南蒙古族自治县');
INSERT INTO `area_code` VALUES ('632500000000', '6325', '海南藏族自治州');
INSERT INTO `area_code` VALUES ('632521000000', '632521', '共和县');
INSERT INTO `area_code` VALUES ('632522000000', '632522', '同德县');
INSERT INTO `area_code` VALUES ('632523000000', '632523', '贵德县');
INSERT INTO `area_code` VALUES ('632524000000', '632524', '兴海县');
INSERT INTO `area_code` VALUES ('632525000000', '632525', '贵南县');
INSERT INTO `area_code` VALUES ('632600000000', '6326', '果洛藏族自治州');
INSERT INTO `area_code` VALUES ('632621000000', '632621', '玛沁县');
INSERT INTO `area_code` VALUES ('632622000000', '632622', '班玛县');
INSERT INTO `area_code` VALUES ('632623000000', '632623', '甘德县');
INSERT INTO `area_code` VALUES ('632624000000', '632624', '达日县');
INSERT INTO `area_code` VALUES ('632625000000', '632625', '久治县');
INSERT INTO `area_code` VALUES ('632626000000', '632626', '玛多县');
INSERT INTO `area_code` VALUES ('632700000000', '6327', '玉树藏族自治州');
INSERT INTO `area_code` VALUES ('632721000000', '632721', '玉树县');
INSERT INTO `area_code` VALUES ('632722000000', '632722', '杂多县');
INSERT INTO `area_code` VALUES ('632723000000', '632723', '称多县');
INSERT INTO `area_code` VALUES ('632724000000', '632724', '治多县');
INSERT INTO `area_code` VALUES ('632725000000', '632725', '囊谦县');
INSERT INTO `area_code` VALUES ('632726000000', '632726', '曲麻莱县');
INSERT INTO `area_code` VALUES ('632800000000', '6328', '海西蒙古族藏族自治州');
INSERT INTO `area_code` VALUES ('632801000000', '632801', '格尔木市');
INSERT INTO `area_code` VALUES ('632802000000', '632802', '德令哈市');
INSERT INTO `area_code` VALUES ('632821000000', '632821', '乌兰县');
INSERT INTO `area_code` VALUES ('632822000000', '632822', '都兰县');
INSERT INTO `area_code` VALUES ('632823000000', '632823', '天峻县');
INSERT INTO `area_code` VALUES ('640000000000', '64', '宁夏回族自治区');
INSERT INTO `area_code` VALUES ('640100000000', '6401', '银川市');
INSERT INTO `area_code` VALUES ('640101000000', '640101', '市辖区');
INSERT INTO `area_code` VALUES ('640104000000', '640104', '兴庆区');
INSERT INTO `area_code` VALUES ('640105000000', '640105', '西夏区');
INSERT INTO `area_code` VALUES ('640106000000', '640106', '金凤区');
INSERT INTO `area_code` VALUES ('640121000000', '640121', '永宁县');
INSERT INTO `area_code` VALUES ('640122000000', '640122', '贺兰县');
INSERT INTO `area_code` VALUES ('640181000000', '640181', '灵武市');
INSERT INTO `area_code` VALUES ('640200000000', '6402', '石嘴山市');
INSERT INTO `area_code` VALUES ('640201000000', '640201', '市辖区');
INSERT INTO `area_code` VALUES ('640202000000', '640202', '大武口区');
INSERT INTO `area_code` VALUES ('640205000000', '640205', '惠农区');
INSERT INTO `area_code` VALUES ('640221000000', '640221', '平罗县');
INSERT INTO `area_code` VALUES ('640300000000', '6403', '吴忠市');
INSERT INTO `area_code` VALUES ('640301000000', '640301', '市辖区');
INSERT INTO `area_code` VALUES ('640302000000', '640302', '利通区');
INSERT INTO `area_code` VALUES ('640303000000', '640303', '红寺堡区');
INSERT INTO `area_code` VALUES ('640323000000', '640323', '盐池县');
INSERT INTO `area_code` VALUES ('640324000000', '640324', '同心县');
INSERT INTO `area_code` VALUES ('640381000000', '640381', '青铜峡市');
INSERT INTO `area_code` VALUES ('640400000000', '6404', '固原市');
INSERT INTO `area_code` VALUES ('640401000000', '640401', '市辖区');
INSERT INTO `area_code` VALUES ('640402000000', '640402', '原州区');
INSERT INTO `area_code` VALUES ('640422000000', '640422', '西吉县');
INSERT INTO `area_code` VALUES ('640423000000', '640423', '隆德县');
INSERT INTO `area_code` VALUES ('640424000000', '640424', '泾源县');
INSERT INTO `area_code` VALUES ('640425000000', '640425', '彭阳县');
INSERT INTO `area_code` VALUES ('640500000000', '6405', '中卫市');
INSERT INTO `area_code` VALUES ('640501000000', '640501', '市辖区');
INSERT INTO `area_code` VALUES ('640502000000', '640502', '沙坡头区');
INSERT INTO `area_code` VALUES ('640521000000', '640521', '中宁县');
INSERT INTO `area_code` VALUES ('640522000000', '640522', '海原县');
INSERT INTO `area_code` VALUES ('650000000000', '65', '新疆维吾尔自治区');
INSERT INTO `area_code` VALUES ('650100000000', '6501', '乌鲁木齐市');
INSERT INTO `area_code` VALUES ('650101000000', '650101', '市辖区');
INSERT INTO `area_code` VALUES ('650102000000', '650102', '天山区');
INSERT INTO `area_code` VALUES ('650103000000', '650103', '沙依巴克区');
INSERT INTO `area_code` VALUES ('650104000000', '650104', '新市区');
INSERT INTO `area_code` VALUES ('650105000000', '650105', '水磨沟区');
INSERT INTO `area_code` VALUES ('650106000000', '650106', '头屯河区');
INSERT INTO `area_code` VALUES ('650107000000', '650107', '达坂城区');
INSERT INTO `area_code` VALUES ('650109000000', '650109', '米东区');
INSERT INTO `area_code` VALUES ('650121000000', '650121', '乌鲁木齐县');
INSERT INTO `area_code` VALUES ('650200000000', '6502', '克拉玛依市');
INSERT INTO `area_code` VALUES ('650201000000', '650201', '市辖区');
INSERT INTO `area_code` VALUES ('650202000000', '650202', '独山子区');
INSERT INTO `area_code` VALUES ('650203000000', '650203', '克拉玛依区');
INSERT INTO `area_code` VALUES ('650204000000', '650204', '白碱滩区');
INSERT INTO `area_code` VALUES ('650205000000', '650205', '乌尔禾区');
INSERT INTO `area_code` VALUES ('652100000000', '6521', '吐鲁番地区');
INSERT INTO `area_code` VALUES ('652101000000', '652101', '吐鲁番市');
INSERT INTO `area_code` VALUES ('652122000000', '652122', '鄯善县');
INSERT INTO `area_code` VALUES ('652123000000', '652123', '托克逊县');
INSERT INTO `area_code` VALUES ('652200000000', '6522', '哈密地区');
INSERT INTO `area_code` VALUES ('652201000000', '652201', '哈密市');
INSERT INTO `area_code` VALUES ('652222000000', '652222', '巴里坤哈萨克自治县');
INSERT INTO `area_code` VALUES ('652223000000', '652223', '伊吾县');
INSERT INTO `area_code` VALUES ('652300000000', '6523', '昌吉回族自治州');
INSERT INTO `area_code` VALUES ('652301000000', '652301', '昌吉市');
INSERT INTO `area_code` VALUES ('652302000000', '652302', '阜康市');
INSERT INTO `area_code` VALUES ('652323000000', '652323', '呼图壁县');
INSERT INTO `area_code` VALUES ('652324000000', '652324', '玛纳斯县');
INSERT INTO `area_code` VALUES ('652325000000', '652325', '奇台县');
INSERT INTO `area_code` VALUES ('652327000000', '652327', '吉木萨尔县');
INSERT INTO `area_code` VALUES ('652328000000', '652328', '木垒哈萨克自治县');
INSERT INTO `area_code` VALUES ('652700000000', '6527', '博尔塔拉蒙古自治州');
INSERT INTO `area_code` VALUES ('652701000000', '652701', '博乐市');
INSERT INTO `area_code` VALUES ('652722000000', '652722', '精河县');
INSERT INTO `area_code` VALUES ('652723000000', '652723', '温泉县');
INSERT INTO `area_code` VALUES ('652800000000', '6528', '巴音郭楞蒙古自治州');
INSERT INTO `area_code` VALUES ('652801000000', '652801', '库尔勒市');
INSERT INTO `area_code` VALUES ('652822000000', '652822', '轮台县');
INSERT INTO `area_code` VALUES ('652823000000', '652823', '尉犁县');
INSERT INTO `area_code` VALUES ('652824000000', '652824', '若羌县');
INSERT INTO `area_code` VALUES ('652825000000', '652825', '且末县');
INSERT INTO `area_code` VALUES ('652826000000', '652826', '焉耆回族自治县');
INSERT INTO `area_code` VALUES ('652827000000', '652827', '和静县');
INSERT INTO `area_code` VALUES ('652828000000', '652828', '和硕县');
INSERT INTO `area_code` VALUES ('652829000000', '652829', '博湖县');
INSERT INTO `area_code` VALUES ('652900000000', '6529', '阿克苏地区');
INSERT INTO `area_code` VALUES ('652901000000', '652901', '阿克苏市');
INSERT INTO `area_code` VALUES ('652922000000', '652922', '温宿县');
INSERT INTO `area_code` VALUES ('652923000000', '652923', '库车县');
INSERT INTO `area_code` VALUES ('652924000000', '652924', '沙雅县');
INSERT INTO `area_code` VALUES ('652925000000', '652925', '新和县');
INSERT INTO `area_code` VALUES ('652926000000', '652926', '拜城县');
INSERT INTO `area_code` VALUES ('652927000000', '652927', '乌什县');
INSERT INTO `area_code` VALUES ('652928000000', '652928', '阿瓦提县');
INSERT INTO `area_code` VALUES ('652929000000', '652929', '柯坪县');
INSERT INTO `area_code` VALUES ('653000000000', '6530', '克孜勒苏柯尔克孜自治州');
INSERT INTO `area_code` VALUES ('653001000000', '653001', '阿图什市');
INSERT INTO `area_code` VALUES ('653022000000', '653022', '阿克陶县');
INSERT INTO `area_code` VALUES ('653023000000', '653023', '阿合奇县');
INSERT INTO `area_code` VALUES ('653024000000', '653024', '乌恰县');
INSERT INTO `area_code` VALUES ('653100000000', '6531', '喀什地区');
INSERT INTO `area_code` VALUES ('653101000000', '653101', '喀什市');
INSERT INTO `area_code` VALUES ('653121000000', '653121', '疏附县');
INSERT INTO `area_code` VALUES ('653122000000', '653122', '疏勒县');
INSERT INTO `area_code` VALUES ('653123000000', '653123', '英吉沙县');
INSERT INTO `area_code` VALUES ('653124000000', '653124', '泽普县');
INSERT INTO `area_code` VALUES ('653125000000', '653125', '莎车县');
INSERT INTO `area_code` VALUES ('653126000000', '653126', '叶城县');
INSERT INTO `area_code` VALUES ('653127000000', '653127', '麦盖提县');
INSERT INTO `area_code` VALUES ('653128000000', '653128', '岳普湖县');
INSERT INTO `area_code` VALUES ('653129000000', '653129', '伽师县');
INSERT INTO `area_code` VALUES ('653130000000', '653130', '巴楚县');
INSERT INTO `area_code` VALUES ('653131000000', '653131', '塔什库尔干塔吉克自治县');
INSERT INTO `area_code` VALUES ('653200000000', '6532', '和田地区');
INSERT INTO `area_code` VALUES ('653201000000', '653201', '和田市');
INSERT INTO `area_code` VALUES ('653221000000', '653221', '和田县');
INSERT INTO `area_code` VALUES ('653222000000', '653222', '墨玉县');
INSERT INTO `area_code` VALUES ('653223000000', '653223', '皮山县');
INSERT INTO `area_code` VALUES ('653224000000', '653224', '洛浦县');
INSERT INTO `area_code` VALUES ('653225000000', '653225', '策勒县');
INSERT INTO `area_code` VALUES ('653226000000', '653226', '于田县');
INSERT INTO `area_code` VALUES ('653227000000', '653227', '民丰县');
INSERT INTO `area_code` VALUES ('654000000000', '6540', '伊犁哈萨克自治州');
INSERT INTO `area_code` VALUES ('654002000000', '654002', '伊宁市');
INSERT INTO `area_code` VALUES ('654003000000', '654003', '奎屯市');
INSERT INTO `area_code` VALUES ('654021000000', '654021', '伊宁县');
INSERT INTO `area_code` VALUES ('654022000000', '654022', '察布查尔县');
INSERT INTO `area_code` VALUES ('654023000000', '654023', '霍城县');
INSERT INTO `area_code` VALUES ('654024000000', '654024', '巩留县');
INSERT INTO `area_code` VALUES ('654025000000', '654025', '新源县');
INSERT INTO `area_code` VALUES ('654026000000', '654026', '昭苏县');
INSERT INTO `area_code` VALUES ('654027000000', '654027', '特克斯县');
INSERT INTO `area_code` VALUES ('654028000000', '654028', '尼勒克县');
INSERT INTO `area_code` VALUES ('654200000000', '6542', '塔城地区');
INSERT INTO `area_code` VALUES ('654201000000', '654201', '塔城市');
INSERT INTO `area_code` VALUES ('654202000000', '654202', '乌苏市');
INSERT INTO `area_code` VALUES ('654221000000', '654221', '额敏县');
INSERT INTO `area_code` VALUES ('654223000000', '654223', '沙湾县');
INSERT INTO `area_code` VALUES ('654224000000', '654224', '托里县');
INSERT INTO `area_code` VALUES ('654225000000', '654225', '裕民县');
INSERT INTO `area_code` VALUES ('654226000000', '654226', '和布克赛尔蒙古自治县');
INSERT INTO `area_code` VALUES ('654300000000', '6543', '阿勒泰地区');
INSERT INTO `area_code` VALUES ('654301000000', '654301', '阿勒泰市');
INSERT INTO `area_code` VALUES ('654321000000', '654321', '布尔津县');
INSERT INTO `area_code` VALUES ('654322000000', '654322', '富蕴县');
INSERT INTO `area_code` VALUES ('654323000000', '654323', '福海县');
INSERT INTO `area_code` VALUES ('654324000000', '654324', '哈巴河县');
INSERT INTO `area_code` VALUES ('654325000000', '654325', '青河县');
INSERT INTO `area_code` VALUES ('654326000000', '654326', '吉木乃县');
INSERT INTO `area_code` VALUES ('659000000000', '6590', '自治区直辖县级行政区划');
INSERT INTO `area_code` VALUES ('659001000000', '659001', '石河子市');
INSERT INTO `area_code` VALUES ('659002000000', '659002', '阿拉尔市');
INSERT INTO `area_code` VALUES ('659003000000', '659003', '图木舒克市');
INSERT INTO `area_code` VALUES ('659004000000', '659004', '五家渠市');

-- ----------------------------
-- Table structure for config
-- ----------------------------
DROP TABLE IF EXISTS `config`;
CREATE TABLE `config` (
  `id` bigint(20) NOT NULL AUTO_INCREMENT COMMENT 'ID',
  `name` varchar(20) NOT NULL COMMENT '名称',
  `value` varchar(30) DEFAULT NULL COMMENT '值',
  `remark` varchar(50) DEFAULT NULL COMMENT '描述',
  `unit_id` bigint(20) DEFAULT NULL COMMENT '单位ID',
  PRIMARY KEY (`id`)
) ENGINE=InnoDB DEFAULT CHARSET=utf8;

-- ----------------------------
-- Records of config
-- ----------------------------

-- ----------------------------
-- Table structure for dept
-- ----------------------------
DROP TABLE IF EXISTS `dept`;
CREATE TABLE `dept` (
  `id` bigint(20) NOT NULL,
  `name` varchar(20) NOT NULL,
  `unit_id` bigint(20) NOT NULL,
  `pid` bigint(20) NOT NULL,
  `enabled` bit(1) NOT NULL COMMENT '数据字典dept_status\r\n            true正常\r\n            false停用',
  `create_time` datetime DEFAULT NULL,
  PRIMARY KEY (`id`),
  KEY `FK_Reference_15` (`unit_id`),
  CONSTRAINT `FK_Reference_15` FOREIGN KEY (`unit_id`) REFERENCES `unit` (`id`)
) ENGINE=InnoDB DEFAULT CHARSET=utf8;

-- ----------------------------
-- Records of dept
-- ----------------------------
INSERT INTO `dept` VALUES ('1', 'eladmin', '0', '0', '', '2019-03-25 09:14:05');
INSERT INTO `dept` VALUES ('2', '研发部', '0', '7', '', '2019-03-25 09:15:32');
INSERT INTO `dept` VALUES ('5', '运维部', '0', '7', '', '2019-03-25 09:20:44');
INSERT INTO `dept` VALUES ('6', '测试部', '0', '8', '', '2019-03-25 09:52:18');
INSERT INTO `dept` VALUES ('7', '华南分部', '0', '1', '', '2019-03-25 11:04:50');
INSERT INTO `dept` VALUES ('8', '华北分部', '0', '1', '', '2019-03-25 11:04:53');
INSERT INTO `dept` VALUES ('9', '财务部', '0', '7', '', '2019-03-25 11:05:34');
INSERT INTO `dept` VALUES ('10', '行政部', '0', '8', '', '2019-03-25 11:05:58');
INSERT INTO `dept` VALUES ('11', '人事部', '0', '8', '', '2019-03-25 11:07:58');
INSERT INTO `dept` VALUES ('12', '市场部', '0', '7', '\0', '2019-03-25 11:10:24');

-- ----------------------------
-- Table structure for dict
-- ----------------------------
DROP TABLE IF EXISTS `dict`;
CREATE TABLE `dict` (
  `id` bigint(20) NOT NULL AUTO_INCREMENT,
  `name` varchar(20) NOT NULL,
  `remark` varchar(30) DEFAULT NULL,
  PRIMARY KEY (`id`)
) ENGINE=InnoDB AUTO_INCREMENT=6 DEFAULT CHARSET=utf8;

-- ----------------------------
-- Records of dict
-- ----------------------------
INSERT INTO `dict` VALUES ('1', 'user_status', '用户状态');
INSERT INTO `dict` VALUES ('4', 'dept_status', '部门状态');
INSERT INTO `dict` VALUES ('5', 'job_status', '岗位状态');

-- ----------------------------
-- Table structure for dict_detail
-- ----------------------------
DROP TABLE IF EXISTS `dict_detail`;
CREATE TABLE `dict_detail` (
  `id` bigint(20) NOT NULL AUTO_INCREMENT,
  `label` varchar(20) NOT NULL,
  `dict_id` bigint(20) DEFAULT NULL,
  `value` varchar(10) NOT NULL,
  `sort` tinyint(3) DEFAULT NULL,
  PRIMARY KEY (`id`),
  KEY `FK_dict_id` (`dict_id`),
  CONSTRAINT `FK_dict_id` FOREIGN KEY (`dict_id`) REFERENCES `dict` (`id`)
) ENGINE=InnoDB AUTO_INCREMENT=15 DEFAULT CHARSET=utf8;

-- ----------------------------
-- Records of dict_detail
-- ----------------------------
INSERT INTO `dict_detail` VALUES ('1', '激活', '1', 'true', '1');
INSERT INTO `dict_detail` VALUES ('2', '锁定', '1', 'false', '2');
INSERT INTO `dict_detail` VALUES ('11', '正常', '4', 'true', '1');
INSERT INTO `dict_detail` VALUES ('12', '停用', '4', 'false', '2');
INSERT INTO `dict_detail` VALUES ('13', '正常', '5', 'true', '1');
INSERT INTO `dict_detail` VALUES ('14', '停用', '5', 'false', '2');

-- ----------------------------
-- Table structure for email_config
-- ----------------------------
DROP TABLE IF EXISTS `email_config`;
CREATE TABLE `email_config` (
  `id` bigint(20) NOT NULL AUTO_INCREMENT,
  `from_user` varchar(20) DEFAULT NULL,
  `host` varchar(20) DEFAULT NULL,
  `pass` varchar(20) DEFAULT NULL,
  `port` varchar(10) DEFAULT NULL,
  `user` varchar(20) DEFAULT NULL,
  PRIMARY KEY (`id`)
) ENGINE=InnoDB DEFAULT CHARSET=utf8;

-- ----------------------------
-- Records of email_config
-- ----------------------------

-- ----------------------------
-- Table structure for gen_config
-- ----------------------------
DROP TABLE IF EXISTS `gen_config`;
CREATE TABLE `gen_config` (
  `id` bigint(20) NOT NULL AUTO_INCREMENT,
  `api_path` varchar(30) DEFAULT NULL,
  `author` varchar(20) DEFAULT NULL,
  `cover` bit(1) DEFAULT NULL,
  `module_name` varchar(20) DEFAULT NULL,
  `pack` varchar(30) DEFAULT NULL,
  `path` varchar(50) DEFAULT NULL,
  PRIMARY KEY (`id`)
) ENGINE=InnoDB DEFAULT CHARSET=utf8;

-- ----------------------------
-- Records of gen_config
-- ----------------------------

-- ----------------------------
-- Table structure for job
-- ----------------------------
DROP TABLE IF EXISTS `job`;
CREATE TABLE `job` (
  `id` bigint(20) NOT NULL,
  `name` varchar(20) NOT NULL,
  `dept_id` bigint(20) DEFAULT NULL,
  `enabled` bit(1) NOT NULL,
  `create_time` datetime DEFAULT NULL,
  `sort` bigint(20) NOT NULL,
  PRIMARY KEY (`id`),
  KEY `FK_job_dept_id` (`dept_id`),
  CONSTRAINT `FK_job_dept_id` FOREIGN KEY (`dept_id`) REFERENCES `dept` (`id`)
) ENGINE=InnoDB DEFAULT CHARSET=utf8;

-- ----------------------------
-- Records of job
-- ----------------------------
INSERT INTO `job` VALUES ('2', '董事长秘书', '1', '', '2019-03-29 14:01:30', '2');
INSERT INTO `job` VALUES ('8', '人事专员', '11', '', '2019-03-29 14:52:28', '3');
INSERT INTO `job` VALUES ('10', '产品经理', '2', '\0', '2019-03-29 14:55:51', '4');
INSERT INTO `job` VALUES ('11', '全栈开发', '2', '', '2019-03-31 13:39:30', '6');
INSERT INTO `job` VALUES ('12', '软件测试', '2', '', '2019-03-31 13:39:43', '5');
INSERT INTO `job` VALUES ('19', '董事长', '1', '', '2019-03-31 14:58:15', '1');

-- ----------------------------
-- Table structure for log
-- ----------------------------
DROP TABLE IF EXISTS `log`;
CREATE TABLE `log` (
  `id` bigint(20) NOT NULL AUTO_INCREMENT,
  `username` varchar(255) NOT NULL,
  `unit_id` bigint(20) DEFAULT NULL,
  `log_type` varchar(255) NOT NULL,
  `method` varchar(255) DEFAULT NULL,
  `params` text,
  `request_ip` varchar(255) DEFAULT NULL,
  `time` bigint(20) DEFAULT NULL,
  `description` varchar(255) DEFAULT NULL,
  `exception_detail` text,
  `create_time` datetime DEFAULT NULL,
  PRIMARY KEY (`id`),
  KEY `FK_log_unit_id` (`unit_id`),
  CONSTRAINT `FK_log_unit_id` FOREIGN KEY (`unit_id`) REFERENCES `unit` (`id`)
) ENGINE=InnoDB AUTO_INCREMENT=3 DEFAULT CHARSET=utf8 COMMENT='包括操作日志和异常日志';

-- ----------------------------
-- Records of log
-- ----------------------------
INSERT INTO `log` VALUES ('1', 'admin', null, 'ERROR', 'me.zhengjie.modules.security.rest.AuthenticationController.login()', '{ authorizationUser: {username=admin, password= ******} }', '192.168.0.100', '5012', '用户登录', 'me.zhengjie.exception.BadRequestException: Cannot get Jedis connection; nested exception is redis.clients.jedis.exceptions.JedisConnectionException: Could not get a resource from the pool\r\n	at me.zhengjie.aspect.DataScopeAspect.logAround(DataScopeAspect.java:51)\r\n	at sun.reflect.NativeMethodAccessorImpl.invoke0(Native Method)\r\n	at sun.reflect.NativeMethodAccessorImpl.invoke(NativeMethodAccessorImpl.java:62)\r\n	at sun.reflect.DelegatingMethodAccessorImpl.invoke(DelegatingMethodAccessorImpl.java:43)\r\n	at java.lang.reflect.Method.invoke(Method.java:498)\r\n	at org.springframework.aop.aspectj.AbstractAspectJAdvice.invokeAdviceMethodWithGivenArgs(AbstractAspectJAdvice.java:644)\r\n	at org.springframework.aop.aspectj.AbstractAspectJAdvice.invokeAdviceMethod(AbstractAspectJAdvice.java:633)\r\n	at org.springframework.aop.aspectj.AspectJAroundAdvice.invoke(AspectJAroundAdvice.java:70)\r\n	at org.springframework.aop.framework.ReflectiveMethodInvocation.proceed(ReflectiveMethodInvocation.java:175)\r\n	at org.springframework.aop.aspectj.AspectJAfterThrowingAdvice.invoke(AspectJAfterThrowingAdvice.java:62)\r\n	at org.springframework.aop.framework.ReflectiveMethodInvocation.proceed(ReflectiveMethodInvocation.java:175)\r\n	at org.springframework.aop.interceptor.ExposeInvocationInterceptor.invoke(ExposeInvocationInterceptor.java:93)\r\n	at org.springframework.aop.framework.ReflectiveMethodInvocation.proceed(ReflectiveMethodInvocation.java:186)\r\n	at org.springframework.aop.framework.CglibAopProxy$DynamicAdvisedInterceptor.intercept(CglibAopProxy.java:688)\r\n	at me.zhengjie.modules.security.rest.AuthenticationController$$EnhancerBySpringCGLIB$$f181fea6.login(<generated>)\r\n	at sun.reflect.NativeMethodAccessorImpl.invoke0(Native Method)\r\n	at sun.reflect.NativeMethodAccessorImpl.invoke(NativeMethodAccessorImpl.java:62)\r\n	at sun.reflect.DelegatingMethodAccessorImpl.invoke(DelegatingMethodAccessorImpl.java:43)\r\n	at java.lang.reflect.Method.invoke(Method.java:498)\r\n	at org.springframework.web.method.support.InvocableHandlerMethod.doInvoke(InvocableHandlerMethod.java:215)\r\n	at org.springframework.web.method.support.InvocableHandlerMethod.invokeForRequest(InvocableHandlerMethod.java:142)\r\n	at org.springframework.web.servlet.mvc.method.annotation.ServletInvocableHandlerMethod.invokeAndHandle(ServletInvocableHandlerMethod.java:102)\r\n	at org.springframework.web.servlet.mvc.method.annotation.RequestMappingHandlerAdapter.invokeHandlerMethod(RequestMappingHandlerAdapter.java:895)\r\n	at org.springframework.web.servlet.mvc.method.annotation.RequestMappingHandlerAdapter.handleInternal(RequestMappingHandlerAdapter.java:800)\r\n	at org.springframework.web.servlet.mvc.method.AbstractHandlerMethodAdapter.handle(AbstractHandlerMethodAdapter.java:87)\r\n	at org.springframework.web.servlet.DispatcherServlet.doDispatch(DispatcherServlet.java:1038)\r\n	at org.springframework.web.servlet.DispatcherServlet.doService(DispatcherServlet.java:942)\r\n	at org.springframework.web.servlet.FrameworkServlet.processRequest(FrameworkServlet.java:998)\r\n	at org.springframework.web.servlet.FrameworkServlet.doPost(FrameworkServlet.java:901)\r\n	at javax.servlet.http.HttpServlet.service(HttpServlet.java:660)\r\n	at org.springframework.web.servlet.FrameworkServlet.service(FrameworkServlet.java:875)\r\n	at javax.servlet.http.HttpServlet.service(HttpServlet.java:741)\r\n	at org.apache.catalina.core.ApplicationFilterChain.internalDoFilter(ApplicationFilterChain.java:231)\r\n	at org.apache.catalina.core.ApplicationFilterChain.doFilter(ApplicationFilterChain.java:166)\r\n	at org.apache.tomcat.websocket.server.WsFilter.doFilter(WsFilter.java:53)\r\n	at org.apache.catalina.core.ApplicationFilterChain.internalDoFilter(ApplicationFilterChain.java:193)\r\n	at org.apache.catalina.core.ApplicationFilterChain.doFilter(ApplicationFilterChain.java:166)\r\n	at org.springframework.web.filter.OncePerRequestFilter.doFilter(OncePerRequestFilter.java:101)\r\n	at org.apache.catalina.core.ApplicationFilterChain.internalDoFilter(ApplicationFilterChain.java:193)\r\n	at org.apache.catalina.core.ApplicationFilterChain.doFilter(ApplicationFilterChain.java:166)\r\n	at com.alibaba.druid.support.http.WebStatFilter.doFilter(WebStatFilter.java:123)\r\n	at org.apache.catalina.core.ApplicationFilterChain.internalDoFilter(ApplicationFilterChain.java:193)\r\n	at org.apache.catalina.core.ApplicationFilterChain.doFilter(ApplicationFilterChain.java:166)\r\n	at org.springframework.boot.actuate.web.trace.servlet.HttpTraceFilter.doFilterInternal(HttpTraceFilter.java:90)\r\n	at org.springframework.web.filter.OncePerRequestFilter.doFilter(OncePerRequestFilter.java:107)\r\n	at org.apache.catalina.core.ApplicationFilterChain.internalDoFilter(ApplicationFilterChain.java:193)\r\n	at org.apache.catalina.core.ApplicationFilterChain.doFilter(ApplicationFilterChain.java:166)\r\n	at org.springframework.security.web.FilterChainProxy$VirtualFilterChain.doFilter(FilterChainProxy.java:320)\r\n	at org.springframework.security.web.access.intercept.FilterSecurityInterceptor.invoke(FilterSecurityInterceptor.java:127)\r\n	at org.springframework.security.web.access.intercept.FilterSecurityInterceptor.doFilter(FilterSecurityInterceptor.java:91)\r\n	at org.springframework.security.web.FilterChainProxy$VirtualFilterChain.doFilter(FilterChainProxy.java:334)\r\n	at org.springframework.security.web.access.ExceptionTranslationFilter.doFilter(ExceptionTranslationFilter.java:119)\r\n	at org.springframework.security.web.FilterChainProxy$VirtualFilterChain.doFilter(FilterChainProxy.java:334)\r\n	at org.springframework.security.web.session.SessionManagementFilter.doFilter(SessionManagementFilter.java:137)\r\n	at org.springframework.security.web.FilterChainProxy$VirtualFilterChain.doFilter(FilterChainProxy.java:334)\r\n	at org.springframework.security.web.authentication.AnonymousAuthenticationFilter.doFilter(AnonymousAuthenticationFilter.java:111)\r\n	at org.springframework.security.web.FilterChainProxy$VirtualFilterChain.doFilter(FilterChainProxy.java:334)\r\n	at org.springframework.security.web.servletapi.SecurityContextHolderAwareRequestFilter.doFilter(SecurityContextHolderAwareRequestFilter.java:170)\r\n	at org.springframework.security.web.FilterChainProxy$VirtualFilterChain.doFilter(FilterChainProxy.java:334)\r\n	at org.springframework.security.web.savedrequest.RequestCacheAwareFilter.doFilter(RequestCacheAwareFilter.java:63)\r\n	at org.springframework.security.web.FilterChainProxy$VirtualFilterChain.doFilter(FilterChainProxy.java:334)\r\n	at me.zhengjie.modules.security.security.JwtAuthorizationTokenFilter.doFilterInternal(JwtAuthorizationTokenFilter.java:66)\r\n	at org.springframework.web.filter.OncePerRequestFilter.doFilter(OncePerRequestFilter.java:107)\r\n	at org.springframework.security.web.FilterChainProxy$VirtualFilterChain.doFilter(FilterChainProxy.java:334)\r\n	at org.springframework.security.web.authentication.logout.LogoutFilter.doFilter(LogoutFilter.java:116)\r\n	at org.springframework.security.web.FilterChainProxy$VirtualFilterChain.doFilter(FilterChainProxy.java:334)\r\n	at org.springframework.security.web.header.HeaderWriterFilter.doFilterInternal(HeaderWriterFilter.java:66)\r\n	at org.springframework.web.filter.OncePerRequestFilter.doFilter(OncePerRequestFilter.java:107)\r\n	at org.springframework.security.web.FilterChainProxy$VirtualFilterChain.doFilter(FilterChainProxy.java:334)\r\n	at org.springframework.security.web.context.SecurityContextPersistenceFilter.doFilter(SecurityContextPersistenceFilter.java:105)\r\n	at org.springframework.security.web.FilterChainProxy$VirtualFilterChain.doFilter(FilterChainProxy.java:334)\r\n	at org.springframework.security.web.context.request.async.WebAsyncManagerIntegrationFilter.doFilterInternal(WebAsyncManagerIntegrationFilter.java:56)\r\n	at org.springframework.web.filter.OncePerRequestFilter.doFilter(OncePerRequestFilter.java:107)\r\n	at org.springframework.security.web.FilterChainProxy$VirtualFilterChain.doFilter(FilterChainProxy.java:334)\r\n	at org.springframework.security.web.FilterChainProxy.doFilterInternal(FilterChainProxy.java:215)\r\n	at org.springframework.security.web.FilterChainProxy.doFilter(FilterChainProxy.java:178)\r\n	at org.springframework.web.filter.DelegatingFilterProxy.invokeDelegate(DelegatingFilterProxy.java:357)\r\n	at org.springframework.web.filter.DelegatingFilterProxy.doFilter(DelegatingFilterProxy.java:270)\r\n	at org.apache.catalina.core.ApplicationFilterChain.internalDoFilter(ApplicationFilterChain.java:193)\r\n	at org.apache.catalina.core.ApplicationFilterChain.doFilter(ApplicationFilterChain.java:166)\r\n	at org.springframework.boot.actuate.metrics.web.servlet.WebMvcMetricsFilter.filterAndRecordMetrics(WebMvcMetricsFilter.java:154)\r\n	at org.springframework.boot.actuate.metrics.web.servlet.WebMvcMetricsFilter.filterAndRecordMetrics(WebMvcMetricsFilter.java:122)\r\n	at org.springframework.boot.actuate.metrics.web.servlet.WebMvcMetricsFilter.doFilterInternal(WebMvcMetricsFilter.java:107)\r\n	at org.springframework.web.filter.OncePerRequestFilter.doFilter(OncePerRequestFilter.java:107)\r\n	at org.apache.catalina.core.ApplicationFilterChain.internalDoFilter(ApplicationFilterChain.java:193)\r\n	at org.apache.catalina.core.ApplicationFilterChain.doFilter(ApplicationFilterChain.java:166)\r\n	at org.springframework.web.filter.CharacterEncodingFilter.doFilterInternal(CharacterEncodingFilter.java:200)\r\n	at org.springframework.web.filter.OncePerRequestFilter.doFilter(OncePerRequestFilter.java:107)\r\n	at org.apache.catalina.core.ApplicationFilterChain.internalDoFilter(ApplicationFilterChain.java:193)\r\n	at org.apache.catalina.core.ApplicationFilterChain.doFilter(ApplicationFilterChain.java:166)\r\n	at org.apache.catalina.core.StandardWrapperValve.invoke(StandardWrapperValve.java:199)\r\n	at org.apache.catalina.core.StandardContextValve.invoke(StandardContextValve.java:96)\r\n	at org.apache.catalina.authenticator.AuthenticatorBase.invoke(AuthenticatorBase.java:490)\r\n	at org.apache.catalina.core.StandardHostValve.invoke(StandardHostValve.java:139)\r\n	at org.apache.catalina.valves.ErrorReportValve.invoke(ErrorReportValve.java:92)\r\n	at org.apache.catalina.core.StandardEngineValve.invoke(StandardEngineValve.java:74)\r\n	at org.apache.catalina.connector.CoyoteAdapter.service(CoyoteAdapter.java:343)\r\n	at org.apache.coyote.http11.Http11Processor.service(Http11Processor.java:408)\r\n	at org.apache.coyote.AbstractProcessorLight.process(AbstractProcessorLight.java:66)\r\n	at org.apache.coyote.AbstractProtocol$ConnectionHandler.process(AbstractProtocol.java:770)\r\n	at org.apache.tomcat.util.net.NioEndpoint$SocketProcessor.doRun(NioEndpoint.java:1415)\r\n	at org.apache.tomcat.util.net.SocketProcessorBase.run(SocketProcessorBase.java:49)\r\n	at java.util.concurrent.ThreadPoolExecutor.runWorker(ThreadPoolExecutor.java:1142)\r\n	at java.util.concurrent.ThreadPoolExecutor$Worker.run(ThreadPoolExecutor.java:617)\r\n	at org.apache.tomcat.util.threads.TaskThread$WrappingRunnable.run(TaskThread.java:61)\r\n	at java.lang.Thread.run(Thread.java:745)\r\n', '2019-04-22 18:46:32');
INSERT INTO `log` VALUES ('2', 'admin', null, 'ERROR', 'me.zhengjie.modules.security.rest.AuthenticationController.login()', '{ authorizationUser: {username=admin, password= ******} }', '192.168.0.100', '5003', '用户登录', 'me.zhengjie.exception.BadRequestException: Cannot get Jedis connection; nested exception is redis.clients.jedis.exceptions.JedisConnectionException: Could not get a resource from the pool\r\n	at me.zhengjie.aspect.DataScopeAspect.logAround(DataScopeAspect.java:51)\r\n	at sun.reflect.NativeMethodAccessorImpl.invoke0(Native Method)\r\n	at sun.reflect.NativeMethodAccessorImpl.invoke(NativeMethodAccessorImpl.java:62)\r\n	at sun.reflect.DelegatingMethodAccessorImpl.invoke(DelegatingMethodAccessorImpl.java:43)\r\n	at java.lang.reflect.Method.invoke(Method.java:498)\r\n	at org.springframework.aop.aspectj.AbstractAspectJAdvice.invokeAdviceMethodWithGivenArgs(AbstractAspectJAdvice.java:644)\r\n	at org.springframework.aop.aspectj.AbstractAspectJAdvice.invokeAdviceMethod(AbstractAspectJAdvice.java:633)\r\n	at org.springframework.aop.aspectj.AspectJAroundAdvice.invoke(AspectJAroundAdvice.java:70)\r\n	at org.springframework.aop.framework.ReflectiveMethodInvocation.proceed(ReflectiveMethodInvocation.java:175)\r\n	at org.springframework.aop.aspectj.AspectJAfterThrowingAdvice.invoke(AspectJAfterThrowingAdvice.java:62)\r\n	at org.springframework.aop.framework.ReflectiveMethodInvocation.proceed(ReflectiveMethodInvocation.java:175)\r\n	at org.springframework.aop.interceptor.ExposeInvocationInterceptor.invoke(ExposeInvocationInterceptor.java:93)\r\n	at org.springframework.aop.framework.ReflectiveMethodInvocation.proceed(ReflectiveMethodInvocation.java:186)\r\n	at org.springframework.aop.framework.CglibAopProxy$DynamicAdvisedInterceptor.intercept(CglibAopProxy.java:688)\r\n	at me.zhengjie.modules.security.rest.AuthenticationController$$EnhancerBySpringCGLIB$$f181fea6.login(<generated>)\r\n	at sun.reflect.NativeMethodAccessorImpl.invoke0(Native Method)\r\n	at sun.reflect.NativeMethodAccessorImpl.invoke(NativeMethodAccessorImpl.java:62)\r\n	at sun.reflect.DelegatingMethodAccessorImpl.invoke(DelegatingMethodAccessorImpl.java:43)\r\n	at java.lang.reflect.Method.invoke(Method.java:498)\r\n	at org.springframework.web.method.support.InvocableHandlerMethod.doInvoke(InvocableHandlerMethod.java:215)\r\n	at org.springframework.web.method.support.InvocableHandlerMethod.invokeForRequest(InvocableHandlerMethod.java:142)\r\n	at org.springframework.web.servlet.mvc.method.annotation.ServletInvocableHandlerMethod.invokeAndHandle(ServletInvocableHandlerMethod.java:102)\r\n	at org.springframework.web.servlet.mvc.method.annotation.RequestMappingHandlerAdapter.invokeHandlerMethod(RequestMappingHandlerAdapter.java:895)\r\n	at org.springframework.web.servlet.mvc.method.annotation.RequestMappingHandlerAdapter.handleInternal(RequestMappingHandlerAdapter.java:800)\r\n	at org.springframework.web.servlet.mvc.method.AbstractHandlerMethodAdapter.handle(AbstractHandlerMethodAdapter.java:87)\r\n	at org.springframework.web.servlet.DispatcherServlet.doDispatch(DispatcherServlet.java:1038)\r\n	at org.springframework.web.servlet.DispatcherServlet.doService(DispatcherServlet.java:942)\r\n	at org.springframework.web.servlet.FrameworkServlet.processRequest(FrameworkServlet.java:998)\r\n	at org.springframework.web.servlet.FrameworkServlet.doPost(FrameworkServlet.java:901)\r\n	at javax.servlet.http.HttpServlet.service(HttpServlet.java:660)\r\n	at org.springframework.web.servlet.FrameworkServlet.service(FrameworkServlet.java:875)\r\n	at javax.servlet.http.HttpServlet.service(HttpServlet.java:741)\r\n	at org.apache.catalina.core.ApplicationFilterChain.internalDoFilter(ApplicationFilterChain.java:231)\r\n	at org.apache.catalina.core.ApplicationFilterChain.doFilter(ApplicationFilterChain.java:166)\r\n	at org.apache.tomcat.websocket.server.WsFilter.doFilter(WsFilter.java:53)\r\n	at org.apache.catalina.core.ApplicationFilterChain.internalDoFilter(ApplicationFilterChain.java:193)\r\n	at org.apache.catalina.core.ApplicationFilterChain.doFilter(ApplicationFilterChain.java:166)\r\n	at org.springframework.web.filter.OncePerRequestFilter.doFilter(OncePerRequestFilter.java:101)\r\n	at org.apache.catalina.core.ApplicationFilterChain.internalDoFilter(ApplicationFilterChain.java:193)\r\n	at org.apache.catalina.core.ApplicationFilterChain.doFilter(ApplicationFilterChain.java:166)\r\n	at com.alibaba.druid.support.http.WebStatFilter.doFilter(WebStatFilter.java:123)\r\n	at org.apache.catalina.core.ApplicationFilterChain.internalDoFilter(ApplicationFilterChain.java:193)\r\n	at org.apache.catalina.core.ApplicationFilterChain.doFilter(ApplicationFilterChain.java:166)\r\n	at org.springframework.boot.actuate.web.trace.servlet.HttpTraceFilter.doFilterInternal(HttpTraceFilter.java:90)\r\n	at org.springframework.web.filter.OncePerRequestFilter.doFilter(OncePerRequestFilter.java:107)\r\n	at org.apache.catalina.core.ApplicationFilterChain.internalDoFilter(ApplicationFilterChain.java:193)\r\n	at org.apache.catalina.core.ApplicationFilterChain.doFilter(ApplicationFilterChain.java:166)\r\n	at org.springframework.security.web.FilterChainProxy$VirtualFilterChain.doFilter(FilterChainProxy.java:320)\r\n	at org.springframework.security.web.access.intercept.FilterSecurityInterceptor.invoke(FilterSecurityInterceptor.java:127)\r\n	at org.springframework.security.web.access.intercept.FilterSecurityInterceptor.doFilter(FilterSecurityInterceptor.java:91)\r\n	at org.springframework.security.web.FilterChainProxy$VirtualFilterChain.doFilter(FilterChainProxy.java:334)\r\n	at org.springframework.security.web.access.ExceptionTranslationFilter.doFilter(ExceptionTranslationFilter.java:119)\r\n	at org.springframework.security.web.FilterChainProxy$VirtualFilterChain.doFilter(FilterChainProxy.java:334)\r\n	at org.springframework.security.web.session.SessionManagementFilter.doFilter(SessionManagementFilter.java:137)\r\n	at org.springframework.security.web.FilterChainProxy$VirtualFilterChain.doFilter(FilterChainProxy.java:334)\r\n	at org.springframework.security.web.authentication.AnonymousAuthenticationFilter.doFilter(AnonymousAuthenticationFilter.java:111)\r\n	at org.springframework.security.web.FilterChainProxy$VirtualFilterChain.doFilter(FilterChainProxy.java:334)\r\n	at org.springframework.security.web.servletapi.SecurityContextHolderAwareRequestFilter.doFilter(SecurityContextHolderAwareRequestFilter.java:170)\r\n	at org.springframework.security.web.FilterChainProxy$VirtualFilterChain.doFilter(FilterChainProxy.java:334)\r\n	at org.springframework.security.web.savedrequest.RequestCacheAwareFilter.doFilter(RequestCacheAwareFilter.java:63)\r\n	at org.springframework.security.web.FilterChainProxy$VirtualFilterChain.doFilter(FilterChainProxy.java:334)\r\n	at me.zhengjie.modules.security.security.JwtAuthorizationTokenFilter.doFilterInternal(JwtAuthorizationTokenFilter.java:66)\r\n	at org.springframework.web.filter.OncePerRequestFilter.doFilter(OncePerRequestFilter.java:107)\r\n	at org.springframework.security.web.FilterChainProxy$VirtualFilterChain.doFilter(FilterChainProxy.java:334)\r\n	at org.springframework.security.web.authentication.logout.LogoutFilter.doFilter(LogoutFilter.java:116)\r\n	at org.springframework.security.web.FilterChainProxy$VirtualFilterChain.doFilter(FilterChainProxy.java:334)\r\n	at org.springframework.security.web.header.HeaderWriterFilter.doFilterInternal(HeaderWriterFilter.java:66)\r\n	at org.springframework.web.filter.OncePerRequestFilter.doFilter(OncePerRequestFilter.java:107)\r\n	at org.springframework.security.web.FilterChainProxy$VirtualFilterChain.doFilter(FilterChainProxy.java:334)\r\n	at org.springframework.security.web.context.SecurityContextPersistenceFilter.doFilter(SecurityContextPersistenceFilter.java:105)\r\n	at org.springframework.security.web.FilterChainProxy$VirtualFilterChain.doFilter(FilterChainProxy.java:334)\r\n	at org.springframework.security.web.context.request.async.WebAsyncManagerIntegrationFilter.doFilterInternal(WebAsyncManagerIntegrationFilter.java:56)\r\n	at org.springframework.web.filter.OncePerRequestFilter.doFilter(OncePerRequestFilter.java:107)\r\n	at org.springframework.security.web.FilterChainProxy$VirtualFilterChain.doFilter(FilterChainProxy.java:334)\r\n	at org.springframework.security.web.FilterChainProxy.doFilterInternal(FilterChainProxy.java:215)\r\n	at org.springframework.security.web.FilterChainProxy.doFilter(FilterChainProxy.java:178)\r\n	at org.springframework.web.filter.DelegatingFilterProxy.invokeDelegate(DelegatingFilterProxy.java:357)\r\n	at org.springframework.web.filter.DelegatingFilterProxy.doFilter(DelegatingFilterProxy.java:270)\r\n	at org.apache.catalina.core.ApplicationFilterChain.internalDoFilter(ApplicationFilterChain.java:193)\r\n	at org.apache.catalina.core.ApplicationFilterChain.doFilter(ApplicationFilterChain.java:166)\r\n	at org.springframework.boot.actuate.metrics.web.servlet.WebMvcMetricsFilter.filterAndRecordMetrics(WebMvcMetricsFilter.java:154)\r\n	at org.springframework.boot.actuate.metrics.web.servlet.WebMvcMetricsFilter.filterAndRecordMetrics(WebMvcMetricsFilter.java:122)\r\n	at org.springframework.boot.actuate.metrics.web.servlet.WebMvcMetricsFilter.doFilterInternal(WebMvcMetricsFilter.java:107)\r\n	at org.springframework.web.filter.OncePerRequestFilter.doFilter(OncePerRequestFilter.java:107)\r\n	at org.apache.catalina.core.ApplicationFilterChain.internalDoFilter(ApplicationFilterChain.java:193)\r\n	at org.apache.catalina.core.ApplicationFilterChain.doFilter(ApplicationFilterChain.java:166)\r\n	at org.springframework.web.filter.CharacterEncodingFilter.doFilterInternal(CharacterEncodingFilter.java:200)\r\n	at org.springframework.web.filter.OncePerRequestFilter.doFilter(OncePerRequestFilter.java:107)\r\n	at org.apache.catalina.core.ApplicationFilterChain.internalDoFilter(ApplicationFilterChain.java:193)\r\n	at org.apache.catalina.core.ApplicationFilterChain.doFilter(ApplicationFilterChain.java:166)\r\n	at org.apache.catalina.core.StandardWrapperValve.invoke(StandardWrapperValve.java:199)\r\n	at org.apache.catalina.core.StandardContextValve.invoke(StandardContextValve.java:96)\r\n	at org.apache.catalina.authenticator.AuthenticatorBase.invoke(AuthenticatorBase.java:490)\r\n	at org.apache.catalina.core.StandardHostValve.invoke(StandardHostValve.java:139)\r\n	at org.apache.catalina.valves.ErrorReportValve.invoke(ErrorReportValve.java:92)\r\n	at org.apache.catalina.core.StandardEngineValve.invoke(StandardEngineValve.java:74)\r\n	at org.apache.catalina.connector.CoyoteAdapter.service(CoyoteAdapter.java:343)\r\n	at org.apache.coyote.http11.Http11Processor.service(Http11Processor.java:408)\r\n	at org.apache.coyote.AbstractProcessorLight.process(AbstractProcessorLight.java:66)\r\n	at org.apache.coyote.AbstractProtocol$ConnectionHandler.process(AbstractProtocol.java:770)\r\n	at org.apache.tomcat.util.net.NioEndpoint$SocketProcessor.doRun(NioEndpoint.java:1415)\r\n	at org.apache.tomcat.util.net.SocketProcessorBase.run(SocketProcessorBase.java:49)\r\n	at java.util.concurrent.ThreadPoolExecutor.runWorker(ThreadPoolExecutor.java:1142)\r\n	at java.util.concurrent.ThreadPoolExecutor$Worker.run(ThreadPoolExecutor.java:617)\r\n	at org.apache.tomcat.util.threads.TaskThread$WrappingRunnable.run(TaskThread.java:61)\r\n	at java.lang.Thread.run(Thread.java:745)\r\n', '2019-04-22 18:48:33');

-- ----------------------------
-- Table structure for menu
-- ----------------------------
DROP TABLE IF EXISTS `menu`;
CREATE TABLE `menu` (
  `id` bigint(20) NOT NULL AUTO_INCREMENT,
  `name` varchar(20) NOT NULL,
  `path` varchar(50) DEFAULT NULL,
  `component` varchar(50) DEFAULT NULL,
  `i_frame` bit(1) NOT NULL,
  `icon` varchar(20) DEFAULT NULL,
  `pid` bigint(20) NOT NULL,
  `create_time` datetime NOT NULL,
  `sort` bigint(20) NOT NULL,
  PRIMARY KEY (`id`)
) ENGINE=InnoDB AUTO_INCREMENT=40 DEFAULT CHARSET=utf8;

-- ----------------------------
-- Records of menu
-- ----------------------------
INSERT INTO `menu` VALUES ('1', '系统管理', 'system', null, '\0', 'system', '0', '2018-12-18 15:11:29', '1');
INSERT INTO `menu` VALUES ('2', '用户管理', 'user', 'system/user/index', '\0', 'peoples', '1', '2018-12-18 15:14:44', '2');
INSERT INTO `menu` VALUES ('3', '角色管理', 'role', 'system/role/index', '\0', 'role', '1', '2018-12-18 15:16:07', '3');
INSERT INTO `menu` VALUES ('4', '权限管理', 'permission', 'system/permission/index', '\0', 'permission', '1', '2018-12-18 15:16:45', '4');
INSERT INTO `menu` VALUES ('5', '菜单管理', 'menu', 'system/menu/index', '\0', 'menu', '1', '2018-12-18 15:17:28', '5');
INSERT INTO `menu` VALUES ('6', '系统监控', 'monitor', null, '\0', 'monitor', '0', '2018-12-18 15:17:48', '10');
INSERT INTO `menu` VALUES ('7', '操作日志', 'logs', 'monitor/log/index', '\0', 'log', '6', '2018-12-18 15:18:26', '11');
INSERT INTO `menu` VALUES ('8', '系统缓存', 'redis', 'monitor/redis/index', '\0', 'redis', '6', '2018-12-18 15:19:01', '13');
INSERT INTO `menu` VALUES ('9', 'SQL监控', 'druid', 'monitor/sql/index', '\0', 'sqlMonitor', '6', '2018-12-18 15:19:34', '14');
INSERT INTO `menu` VALUES ('10', '组件管理', 'components', null, '\0', 'zujian', '0', '2018-12-19 13:38:16', '50');
INSERT INTO `menu` VALUES ('11', '图标库', 'icon', 'components/IconSelect', '\0', 'icon', '10', '2018-12-19 13:38:49', '51');
INSERT INTO `menu` VALUES ('12', '实时控制台', 'msg', 'monitor/log/msg', '\0', 'codeConsole', '6', '2018-12-24 20:37:35', '16');
INSERT INTO `menu` VALUES ('14', '邮件工具', 'email', 'tools/email/index', '\0', 'email', '36', '2018-12-27 10:13:09', '24');
INSERT INTO `menu` VALUES ('15', '富文本', 'tinymce', 'components/Editor', '\0', 'fwb', '10', '2018-12-27 11:58:25', '52');
INSERT INTO `menu` VALUES ('16', '图床管理', 'pictures', 'tools/picture/index', '\0', 'image', '36', '2018-12-28 09:36:53', '25');
INSERT INTO `menu` VALUES ('17', '项目地址', 'https://github.com/elunez/eladmin', '', '', 'github', '0', '2018-12-28 15:09:49', '0');
INSERT INTO `menu` VALUES ('18', '七牛云存储', 'qiniu', 'tools/qiniu/index', '\0', 'qiniu', '36', '2018-12-31 11:12:15', '26');
INSERT INTO `menu` VALUES ('19', '支付宝工具', 'aliPay', 'tools/aliPay/index', '\0', 'alipay', '36', '2018-12-31 14:52:38', '27');
INSERT INTO `menu` VALUES ('21', '多级菜单', 'nested', '', '\0', 'menu', '0', '2019-01-04 16:22:03', '900');
INSERT INTO `menu` VALUES ('22', '二级菜单1', 'menu1', 'nested/menu1/index', '\0', 'menu', '21', '2019-01-04 16:23:29', '999');
INSERT INTO `menu` VALUES ('23', '二级菜单2', 'menu2', 'nested/menu2/index', '\0', 'menu', '21', '2019-01-04 16:23:57', '999');
INSERT INTO `menu` VALUES ('24', '三级菜单1', 'menu1-1', 'nested/menu1/menu1-1', '\0', 'menu', '22', '2019-01-04 16:24:48', '999');
INSERT INTO `menu` VALUES ('27', '三级菜单2', 'menu1-2', 'nested/menu1/menu1-2', '\0', 'menu', '22', '2019-01-07 17:27:32', '999');
INSERT INTO `menu` VALUES ('28', '定时任务', 'timing', 'system/timing/index', '\0', 'timing', '36', '2019-01-07 20:34:40', '21');
INSERT INTO `menu` VALUES ('30', '代码生成', 'generator', 'generator/index', '\0', 'dev', '36', '2019-01-11 15:45:55', '22');
INSERT INTO `menu` VALUES ('32', '异常日志', 'errorLog', 'monitor/log/errorLog', '\0', 'error', '6', '2019-01-13 13:49:03', '12');
INSERT INTO `menu` VALUES ('33', 'Markdown', 'markdown', 'components/MarkDown', '\0', 'markdown', '10', '2019-03-08 13:46:44', '53');
INSERT INTO `menu` VALUES ('34', 'Yaml编辑器', 'yaml', 'components/YamlEdit', '\0', 'dev', '10', '2019-03-08 15:49:40', '54');
INSERT INTO `menu` VALUES ('35', '部门管理', 'dept', 'system/dept/index', '\0', 'dept', '1', '2019-03-25 09:46:00', '6');
INSERT INTO `menu` VALUES ('36', '系统工具', 'sys-tools', '', '\0', 'sys-tools', '0', '2019-03-29 10:57:35', '20');
INSERT INTO `menu` VALUES ('37', '岗位管理', 'job', 'system/job/index', '\0', 'Steve-Jobs', '1', '2019-03-29 13:51:18', '7');
INSERT INTO `menu` VALUES ('38', '接口文档', 'swagger2', 'tools/swagger/index', '\0', 'swagger', '36', '2019-03-29 19:57:53', '23');
INSERT INTO `menu` VALUES ('39', '字典管理', 'dict', 'system/dict/index', '\0', 'dictionary', '1', '2019-04-10 11:49:04', '8');

-- ----------------------------
-- Table structure for permission
-- ----------------------------
DROP TABLE IF EXISTS `permission`;
CREATE TABLE `permission` (
  `id` bigint(20) NOT NULL AUTO_INCREMENT,
  `name` varchar(30) DEFAULT NULL,
  `alias` varchar(30) DEFAULT NULL,
  `pid` bigint(20) NOT NULL,
  `create_time` datetime DEFAULT NULL,
  PRIMARY KEY (`id`)
) ENGINE=InnoDB AUTO_INCREMENT=55 DEFAULT CHARSET=utf8;

-- ----------------------------
-- Records of permission
-- ----------------------------
INSERT INTO `permission` VALUES ('1', 'ADMIN', '超级管理员', '0', '2018-12-03 12:27:48');
INSERT INTO `permission` VALUES ('2', 'USER_ALL', '用户管理', '0', '2018-12-03 12:28:19');
INSERT INTO `permission` VALUES ('3', 'USER_SELECT', '用户查询', '2', '2018-12-03 12:31:35');
INSERT INTO `permission` VALUES ('4', 'USER_CREATE', '用户创建', '2', '2018-12-03 12:31:35');
INSERT INTO `permission` VALUES ('5', 'USER_EDIT', '用户编辑', '2', '2018-12-03 12:31:35');
INSERT INTO `permission` VALUES ('6', 'USER_DELETE', '用户删除', '2', '2018-12-03 12:31:35');
INSERT INTO `permission` VALUES ('7', 'ROLES_ALL', '角色管理', '0', '2018-12-03 12:28:19');
INSERT INTO `permission` VALUES ('8', 'ROLES_SELECT', '角色查询', '7', '2018-12-03 12:31:35');
INSERT INTO `permission` VALUES ('10', 'ROLES_CREATE', '角色创建', '7', '2018-12-09 20:10:16');
INSERT INTO `permission` VALUES ('11', 'ROLES_EDIT', '角色编辑', '7', '2018-12-09 20:10:42');
INSERT INTO `permission` VALUES ('12', 'ROLES_DELETE', '角色删除', '7', '2018-12-09 20:11:07');
INSERT INTO `permission` VALUES ('13', 'PERMISSION_ALL', '权限管理', '0', '2018-12-09 20:11:37');
INSERT INTO `permission` VALUES ('14', 'PERMISSION_SELECT', '权限查询', '13', '2018-12-09 20:11:55');
INSERT INTO `permission` VALUES ('15', 'PERMISSION_CREATE', '权限创建', '13', '2018-12-09 20:14:10');
INSERT INTO `permission` VALUES ('16', 'PERMISSION_EDIT', '权限编辑', '13', '2018-12-09 20:15:44');
INSERT INTO `permission` VALUES ('17', 'PERMISSION_DELETE', '权限删除', '13', '2018-12-09 20:15:59');
INSERT INTO `permission` VALUES ('18', 'REDIS_ALL', '缓存管理', '0', '2018-12-17 13:53:25');
INSERT INTO `permission` VALUES ('19', 'REDIS_CREATE', '新增缓存', '18', '2018-12-17 13:53:44');
INSERT INTO `permission` VALUES ('20', 'REDIS_SELECT', '缓存查询', '18', '2018-12-17 13:54:07');
INSERT INTO `permission` VALUES ('21', 'REDIS_EDIT', '缓存编辑', '18', '2018-12-17 13:54:26');
INSERT INTO `permission` VALUES ('22', 'REDIS_DELETE', '缓存删除', '18', '2018-12-17 13:55:04');
INSERT INTO `permission` VALUES ('23', 'PICTURE_ALL', '图床管理', '0', '2018-12-27 20:31:49');
INSERT INTO `permission` VALUES ('24', 'PICTURE_SELECT', '查询图片', '23', '2018-12-27 20:32:04');
INSERT INTO `permission` VALUES ('25', 'PICTURE_UPLOAD', '上传图片', '23', '2018-12-27 20:32:24');
INSERT INTO `permission` VALUES ('26', 'PICTURE_DELETE', '删除图片', '23', '2018-12-27 20:32:45');
INSERT INTO `permission` VALUES ('29', 'MENU_ALL', '菜单管理', '0', '2018-12-28 17:34:31');
INSERT INTO `permission` VALUES ('30', 'MENU_SELECT', '菜单查询', '29', '2018-12-28 17:34:41');
INSERT INTO `permission` VALUES ('31', 'MENU_CREATE', '菜单创建', '29', '2018-12-28 17:34:52');
INSERT INTO `permission` VALUES ('32', 'MENU_EDIT', '菜单编辑', '29', '2018-12-28 17:35:20');
INSERT INTO `permission` VALUES ('33', 'MENU_DELETE', '菜单删除', '29', '2018-12-28 17:35:29');
INSERT INTO `permission` VALUES ('35', 'JOB_ALL', '定时任务管理', '0', '2019-01-08 14:59:57');
INSERT INTO `permission` VALUES ('36', 'JOB_SELECT', '任务查询', '35', '2019-01-08 15:00:09');
INSERT INTO `permission` VALUES ('37', 'JOB_CREATE', '任务创建', '35', '2019-01-08 15:00:20');
INSERT INTO `permission` VALUES ('38', 'JOB_EDIT', '任务编辑', '35', '2019-01-08 15:00:33');
INSERT INTO `permission` VALUES ('39', 'JOB_DELETE', '任务删除', '35', '2019-01-08 15:01:13');
INSERT INTO `permission` VALUES ('40', 'DEPT_ALL', '部门管理', '0', '2019-03-29 17:06:55');
INSERT INTO `permission` VALUES ('41', 'DEPT_SELECT', '部门查询', '40', '2019-03-29 17:07:09');
INSERT INTO `permission` VALUES ('42', 'DEPT_CREATE', '部门创建', '40', '2019-03-29 17:07:29');
INSERT INTO `permission` VALUES ('43', 'DEPT_EDIT', '部门编辑', '40', '2019-03-29 17:07:52');
INSERT INTO `permission` VALUES ('44', 'DEPT_DELETE', '部门删除', '40', '2019-03-29 17:08:14');
INSERT INTO `permission` VALUES ('45', 'USERJOB_ALL', '岗位管理', '0', '2019-03-29 17:08:52');
INSERT INTO `permission` VALUES ('46', 'USERJOB_SELECT', '岗位查询', '45', '2019-03-29 17:10:27');
INSERT INTO `permission` VALUES ('47', 'USERJOB_CREATE', '岗位创建', '45', '2019-03-29 17:10:55');
INSERT INTO `permission` VALUES ('48', 'USERJOB_EDIT', '岗位编辑', '45', '2019-03-29 17:11:08');
INSERT INTO `permission` VALUES ('49', 'USERJOB_DELETE', '岗位删除', '45', '2019-03-29 17:11:19');
INSERT INTO `permission` VALUES ('50', 'DICT_ALL', '字典管理', '0', '2019-04-10 16:24:51');
INSERT INTO `permission` VALUES ('51', 'DICT_SELECT', '字典查询', '50', '2019-04-10 16:25:16');
INSERT INTO `permission` VALUES ('52', 'DICT_CREATE', '字典创建', '50', '2019-04-10 16:25:29');
INSERT INTO `permission` VALUES ('53', 'DICT_EDIT', '字典编辑', '50', '2019-04-10 16:27:19');
INSERT INTO `permission` VALUES ('54', 'DICT_DELETE', '字典删除', '50', '2019-04-10 16:27:30');

-- ----------------------------
-- Table structure for picture
-- ----------------------------
DROP TABLE IF EXISTS `picture`;
CREATE TABLE `picture` (
  `id` bigint(20) NOT NULL AUTO_INCREMENT,
  `username` varchar(20) DEFAULT NULL,
  `filename` varchar(20) DEFAULT NULL,
  `url` varchar(50) DEFAULT NULL,
  `height` varchar(10) DEFAULT NULL,
  `width` varchar(10) DEFAULT NULL,
  `size` varchar(10) DEFAULT NULL,
  `delete_url` varchar(50) DEFAULT NULL,
  `create_time` datetime DEFAULT NULL,
  PRIMARY KEY (`id`)
) ENGINE=InnoDB DEFAULT CHARSET=utf8;

-- ----------------------------
-- Records of picture
-- ----------------------------

-- ----------------------------
-- Table structure for qiniu_config
-- ----------------------------
DROP TABLE IF EXISTS `qiniu_config`;
CREATE TABLE `qiniu_config` (
  `id` bigint(20) NOT NULL AUTO_INCREMENT,
  `access_key` text,
  `bucket` varchar(30) DEFAULT NULL,
  `host` varchar(30) DEFAULT NULL,
  `secret_key` text,
  `type` varchar(10) DEFAULT NULL,
  `zone` varchar(30) DEFAULT NULL,
  PRIMARY KEY (`id`)
) ENGINE=InnoDB DEFAULT CHARSET=utf8;

-- ----------------------------
-- Records of qiniu_config
-- ----------------------------

-- ----------------------------
-- Table structure for qiniu_content
-- ----------------------------
DROP TABLE IF EXISTS `qiniu_content`;
CREATE TABLE `qiniu_content` (
  `id` bigint(20) NOT NULL AUTO_INCREMENT,
  `bucket` varchar(30) DEFAULT NULL,
  `name` varchar(30) DEFAULT NULL,
  `size` varchar(10) DEFAULT NULL,
  `type` varchar(10) DEFAULT NULL COMMENT '私有或公开',
  `update_time` datetime DEFAULT NULL,
  `url` varchar(50) DEFAULT NULL,
  PRIMARY KEY (`id`)
) ENGINE=InnoDB DEFAULT CHARSET=utf8;

-- ----------------------------
-- Records of qiniu_content
-- ----------------------------

-- ----------------------------
-- Table structure for quartz_job
-- ----------------------------
DROP TABLE IF EXISTS `quartz_job`;
CREATE TABLE `quartz_job` (
  `id` bigint(20) NOT NULL AUTO_INCREMENT,
  `bean_name` varchar(20) DEFAULT NULL,
  `cron_expression` varchar(255) DEFAULT NULL,
  `is_pause` bit(1) DEFAULT NULL COMMENT '1暂停、0启用',
  `job_name` varchar(20) DEFAULT NULL,
  `method_name` varchar(30) DEFAULT NULL,
  `params` varchar(255) DEFAULT NULL,
  `remark` varchar(255) DEFAULT NULL,
  `update_time` datetime DEFAULT NULL,
  PRIMARY KEY (`id`)
) ENGINE=InnoDB DEFAULT CHARSET=utf8;

-- ----------------------------
-- Records of quartz_job
-- ----------------------------

-- ----------------------------
-- Table structure for quartz_log
-- ----------------------------
DROP TABLE IF EXISTS `quartz_log`;
CREATE TABLE `quartz_log` (
  `id` bigint(20) NOT NULL AUTO_INCREMENT,
  `baen_name` varchar(20) DEFAULT NULL,
  `cron_expression` varchar(255) DEFAULT NULL,
  `exception_detail` text,
  `is_success` bit(1) DEFAULT NULL,
  `job_name` varchar(20) DEFAULT NULL,
  `method_name` varchar(30) DEFAULT NULL,
  `params` varchar(255) DEFAULT NULL,
  `time` bigint(20) DEFAULT NULL,
  `create_time` datetime DEFAULT NULL,
  PRIMARY KEY (`id`)
) ENGINE=InnoDB DEFAULT CHARSET=utf8;

-- ----------------------------
-- Records of quartz_log
-- ----------------------------

-- ----------------------------
-- Table structure for role
-- ----------------------------
DROP TABLE IF EXISTS `role`;
CREATE TABLE `role` (
  `id` bigint(20) NOT NULL,
  `name` varchar(30) NOT NULL,
  `unit_id` bigint(20) DEFAULT NULL,
  `data_scope` varchar(30) DEFAULT NULL,
  `create_time` datetime DEFAULT NULL,
  `remark` varchar(50) DEFAULT NULL,
  PRIMARY KEY (`id`),
  KEY `FK_role_unit_id` (`unit_id`),
  CONSTRAINT `FK_role_unit_id` FOREIGN KEY (`unit_id`) REFERENCES `unit` (`id`)
) ENGINE=InnoDB DEFAULT CHARSET=utf8;

-- ----------------------------
-- Records of role
-- ----------------------------
INSERT INTO `role` VALUES ('1', '管理员', '0', '全部', '2018-11-23 11:04:37', '系统所有权');
INSERT INTO `role` VALUES ('2', '普通用户', '0', '自定义', '2018-11-23 13:09:06', '用于测试菜单与权限');

-- ----------------------------
-- Table structure for roles_depts
-- ----------------------------
DROP TABLE IF EXISTS `roles_depts`;
CREATE TABLE `roles_depts` (
  `role_id` bigint(20) NOT NULL,
  `dept_id` bigint(20) NOT NULL,
  PRIMARY KEY (`role_id`,`dept_id`),
  KEY `FK7qg6itn5ajdoa9h9o78v9ksur` (`dept_id`),
  CONSTRAINT `FKrg1ci4cxxfbja0sb0pddju7k` FOREIGN KEY (`role_id`) REFERENCES `role` (`id`),
  CONSTRAINT `FK7qg6itn5ajdoa9h9o78v9ksur` FOREIGN KEY (`dept_id`) REFERENCES `dept` (`id`)
) ENGINE=InnoDB DEFAULT CHARSET=utf8;

-- ----------------------------
-- Records of roles_depts
-- ----------------------------

-- ----------------------------
-- Table structure for roles_menus
-- ----------------------------
DROP TABLE IF EXISTS `roles_menus`;
CREATE TABLE `roles_menus` (
  `role_id` bigint(20) NOT NULL,
  `menu_id` bigint(20) NOT NULL,
  PRIMARY KEY (`role_id`,`menu_id`),
  KEY `FK_roles_menu_id` (`menu_id`),
  CONSTRAINT `FK_roles_menu_id` FOREIGN KEY (`menu_id`) REFERENCES `menu` (`id`),
  CONSTRAINT `FK_menu_role_id` FOREIGN KEY (`role_id`) REFERENCES `role` (`id`)
) ENGINE=InnoDB DEFAULT CHARSET=utf8;

-- ----------------------------
-- Records of roles_menus
-- ----------------------------
INSERT INTO `roles_menus` VALUES ('1', '1');
INSERT INTO `roles_menus` VALUES ('2', '1');
INSERT INTO `roles_menus` VALUES ('1', '2');
INSERT INTO `roles_menus` VALUES ('2', '2');
INSERT INTO `roles_menus` VALUES ('1', '3');
INSERT INTO `roles_menus` VALUES ('2', '3');
INSERT INTO `roles_menus` VALUES ('1', '4');
INSERT INTO `roles_menus` VALUES ('2', '4');
INSERT INTO `roles_menus` VALUES ('1', '5');
INSERT INTO `roles_menus` VALUES ('2', '5');
INSERT INTO `roles_menus` VALUES ('1', '6');
INSERT INTO `roles_menus` VALUES ('2', '6');
INSERT INTO `roles_menus` VALUES ('1', '7');
INSERT INTO `roles_menus` VALUES ('1', '8');
INSERT INTO `roles_menus` VALUES ('1', '9');
INSERT INTO `roles_menus` VALUES ('1', '10');
INSERT INTO `roles_menus` VALUES ('2', '10');
INSERT INTO `roles_menus` VALUES ('1', '11');
INSERT INTO `roles_menus` VALUES ('2', '11');
INSERT INTO `roles_menus` VALUES ('1', '12');
INSERT INTO `roles_menus` VALUES ('2', '12');
INSERT INTO `roles_menus` VALUES ('1', '14');
INSERT INTO `roles_menus` VALUES ('1', '15');
INSERT INTO `roles_menus` VALUES ('2', '15');
INSERT INTO `roles_menus` VALUES ('1', '16');
INSERT INTO `roles_menus` VALUES ('2', '16');
INSERT INTO `roles_menus` VALUES ('1', '17');
INSERT INTO `roles_menus` VALUES ('2', '17');
INSERT INTO `roles_menus` VALUES ('1', '18');
INSERT INTO `roles_menus` VALUES ('2', '18');
INSERT INTO `roles_menus` VALUES ('1', '19');
INSERT INTO `roles_menus` VALUES ('2', '19');
INSERT INTO `roles_menus` VALUES ('1', '21');
INSERT INTO `roles_menus` VALUES ('2', '21');
INSERT INTO `roles_menus` VALUES ('1', '22');
INSERT INTO `roles_menus` VALUES ('2', '22');
INSERT INTO `roles_menus` VALUES ('1', '23');
INSERT INTO `roles_menus` VALUES ('2', '23');
INSERT INTO `roles_menus` VALUES ('1', '24');
INSERT INTO `roles_menus` VALUES ('2', '24');
INSERT INTO `roles_menus` VALUES ('1', '27');
INSERT INTO `roles_menus` VALUES ('2', '27');
INSERT INTO `roles_menus` VALUES ('1', '28');
INSERT INTO `roles_menus` VALUES ('1', '30');
INSERT INTO `roles_menus` VALUES ('1', '32');
INSERT INTO `roles_menus` VALUES ('1', '33');
INSERT INTO `roles_menus` VALUES ('2', '33');
INSERT INTO `roles_menus` VALUES ('1', '34');
INSERT INTO `roles_menus` VALUES ('2', '34');
INSERT INTO `roles_menus` VALUES ('1', '35');
INSERT INTO `roles_menus` VALUES ('2', '35');
INSERT INTO `roles_menus` VALUES ('1', '36');
INSERT INTO `roles_menus` VALUES ('2', '36');
INSERT INTO `roles_menus` VALUES ('1', '37');
INSERT INTO `roles_menus` VALUES ('2', '37');
INSERT INTO `roles_menus` VALUES ('1', '38');
INSERT INTO `roles_menus` VALUES ('2', '38');
INSERT INTO `roles_menus` VALUES ('1', '39');

-- ----------------------------
-- Table structure for roles_permissions
-- ----------------------------
DROP TABLE IF EXISTS `roles_permissions`;
CREATE TABLE `roles_permissions` (
  `role_id` bigint(20) NOT NULL,
  `permission_id` bigint(20) NOT NULL,
  PRIMARY KEY (`role_id`,`permission_id`),
  KEY `FK_role_permission_id` (`permission_id`),
  CONSTRAINT `FK_role_permission_id` FOREIGN KEY (`permission_id`) REFERENCES `permission` (`id`),
  CONSTRAINT `FK_permission_role_id` FOREIGN KEY (`role_id`) REFERENCES `role` (`id`)
) ENGINE=InnoDB DEFAULT CHARSET=utf8;

-- ----------------------------
-- Records of roles_permissions
-- ----------------------------
INSERT INTO `roles_permissions` VALUES ('1', '1');
INSERT INTO `roles_permissions` VALUES ('2', '3');
INSERT INTO `roles_permissions` VALUES ('2', '4');
INSERT INTO `roles_permissions` VALUES ('2', '8');
INSERT INTO `roles_permissions` VALUES ('2', '14');
INSERT INTO `roles_permissions` VALUES ('2', '23');
INSERT INTO `roles_permissions` VALUES ('2', '24');
INSERT INTO `roles_permissions` VALUES ('2', '25');
INSERT INTO `roles_permissions` VALUES ('2', '26');
INSERT INTO `roles_permissions` VALUES ('2', '30');
INSERT INTO `roles_permissions` VALUES ('2', '41');
INSERT INTO `roles_permissions` VALUES ('2', '46');

-- ----------------------------
-- Table structure for unit
-- ----------------------------
DROP TABLE IF EXISTS `unit`;
CREATE TABLE `unit` (
  `id` bigint(20) NOT NULL AUTO_INCREMENT,
  `area_code` varchar(12) NOT NULL,
  `name` varchar(50) NOT NULL,
  `address` varchar(50) NOT NULL,
  `work_tel` varchar(11) NOT NULL,
  `principal` varchar(10) NOT NULL,
  `principal_position` varchar(30) DEFAULT NULL,
  `principal_phone` bigint(11) NOT NULL,
  `contact` varchar(10) DEFAULT NULL,
  `contact_position` varchar(30) DEFAULT NULL,
  `contact_phone` bigint(11) DEFAULT NULL,
  `version` tinyint(1) NOT NULL DEFAULT '0' COMMENT '数据字典version_number\r\n            0-基础版\r\n            1-标准版\r\n            2-党委版\r\n            3-政府版\r\n            4-人大版\r\n            5-政协版\r\n            6-部门版\r\n            7-企业版\r\n            9-其他\r\n            ',
  `terminal_num` tinyint(4) NOT NULL,
  `enabled` bit(1) NOT NULL COMMENT '数据字典dept_status\r\n            true正常\r\n            false停用',
  PRIMARY KEY (`id`),
  KEY `FK_FK_unit_area_code_id` (`area_code`),
  CONSTRAINT `FK_FK_unit_area_code_id` FOREIGN KEY (`area_code`) REFERENCES `area_code` (`id`)
) ENGINE=InnoDB AUTO_INCREMENT=3 DEFAULT CHARSET=utf8;

-- ----------------------------
-- Records of unit
-- ----------------------------
INSERT INTO `unit` VALUES ('0', '500107000000', '会承科技', '九龙坡区', '02388256762', '胡先生', '助理', '18983251283', '潘小姐', '经理', null, '0', '0', '');

-- ----------------------------
-- Table structure for user
-- ----------------------------
DROP TABLE IF EXISTS `user`;
CREATE TABLE `user` (
  `id` bigint(20) NOT NULL,
  `username` varchar(20) DEFAULT NULL,
  `password` varchar(50) DEFAULT NULL,
  `dept_id` bigint(20) DEFAULT NULL,
  `job_id` bigint(20) DEFAULT NULL,
  `avatar` varchar(255) DEFAULT NULL,
  `phone` bigint(11) DEFAULT NULL,
  `email` varchar(30) DEFAULT NULL,
  `enabled` bit(1) NOT NULL COMMENT '数据字典user_status\r\n            true激活\r\n            false锁定',
  `create_time` datetime DEFAULT NULL,
  `last_password_reset_time` datetime DEFAULT NULL COMMENT '最后修改密码的日期',
  PRIMARY KEY (`id`),
  KEY `FK_user_dept_id` (`dept_id`),
  KEY `FK_user_job_id` (`job_id`),
  CONSTRAINT `FK_user_dept_id` FOREIGN KEY (`dept_id`) REFERENCES `dept` (`id`),
  CONSTRAINT `FK_user_job_id` FOREIGN KEY (`job_id`) REFERENCES `job` (`id`)
) ENGINE=InnoDB DEFAULT CHARSET=utf8;

-- ----------------------------
-- Records of user
-- ----------------------------
INSERT INTO `user` VALUES ('1', 'admin', 'e10adc3949ba59abbe56e057f20f883e', '2', '11', 'https://i.loli.net/2019/04/04/5ca5b971e1548.jpeg', '18888888888', 'admin@eladmin.net', '', '2018-08-23 09:11:56', '2019-04-04 16:00:46');
INSERT INTO `user` VALUES ('3', 'test', 'e10adc3949ba59abbe56e057f20f883e', '2', '12', 'https://aurora-1255840532.cos.ap-chengdu.myqcloud.com/8918a306ea314404835a9196585c4b75.jpeg', '17777777777', 'test@eladmin.net', '', '2018-12-27 20:05:26', '2019-04-01 09:15:24');
INSERT INTO `user` VALUES ('5', 'hr', 'e10adc3949ba59abbe56e057f20f883e', '11', '8', 'https://aurora-1255840532.cos.ap-chengdu.myqcloud.com/8918a306ea314404835a9196585c4b75.jpeg', '15555555555', 'hr@eladmin.net', '', '2019-04-02 10:07:12', null);

-- ----------------------------
-- Table structure for users_roles
-- ----------------------------
DROP TABLE IF EXISTS `users_roles`;
CREATE TABLE `users_roles` (
  `user_id` bigint(20) NOT NULL,
  `role_id` bigint(20) NOT NULL,
  PRIMARY KEY (`user_id`,`role_id`),
  KEY `FK_user_role_id` (`role_id`),
  CONSTRAINT `FK_role_user_id` FOREIGN KEY (`user_id`) REFERENCES `user` (`id`),
  CONSTRAINT `FK_user_role_id` FOREIGN KEY (`role_id`) REFERENCES `role` (`id`)
) ENGINE=InnoDB DEFAULT CHARSET=utf8;

-- ----------------------------
-- Records of users_roles
-- ----------------------------
INSERT INTO `users_roles` VALUES ('1', '1');
INSERT INTO `users_roles` VALUES ('3', '2');
INSERT INTO `users_roles` VALUES ('5', '2');

-- ----------------------------
-- Table structure for verification_code
-- ----------------------------
DROP TABLE IF EXISTS `verification_code`;
CREATE TABLE `verification_code` (
  `id` bigint(20) NOT NULL AUTO_INCREMENT,
  `code` varchar(20) DEFAULT NULL,
  `create_time` datetime DEFAULT NULL,
  `scenes` varchar(20) DEFAULT NULL,
  `status` bit(1) DEFAULT NULL COMMENT '1有效、0过期',
  `type` varchar(20) DEFAULT NULL,
  `value` varchar(30) DEFAULT NULL,
  PRIMARY KEY (`id`)
) ENGINE=InnoDB DEFAULT CHARSET=utf8;

-- ----------------------------
-- Records of verification_code
-- ----------------------------

-- ----------------------------
-- Table structure for visits
-- ----------------------------
DROP TABLE IF EXISTS `visits`;
CREATE TABLE `visits` (
  `id` bigint(20) NOT NULL AUTO_INCREMENT,
  `create_time` datetime DEFAULT NULL,
  `date` varchar(20) DEFAULT NULL,
  `ip_counts` int(11) DEFAULT NULL,
  `pv_counts` int(11) DEFAULT NULL,
  `week_day` varchar(20) DEFAULT NULL,
  PRIMARY KEY (`id`)
) ENGINE=InnoDB AUTO_INCREMENT=3 DEFAULT CHARSET=utf8;

-- ----------------------------
-- Records of visits
-- ----------------------------
INSERT INTO `visits` VALUES ('2', '2019-04-22 09:48:15', '2019-04-22', '1', '1', 'Mon');
